4,数据服务技术支持专家,北京,北京・朝阳区・鸟巢,字节跳动,15-30K,30,15,22.5
6,自动驾驶 后端开发,北京,北京・海淀区・西北旺,滴滴,25-50K・15薪,50,25,37.5
28,地图服务开发工程师,北京,北京・海淀区・西北旺,滴滴,25-50K・15薪,50,25,37.5
38,Python/Go后端开发工程师 ― 抖音,北京,北京・海淀区・中关村,字节跳动,25-50K,50,25,37.5
40,Windows桌面测试,北京,北京・朝阳区・望京,阿里,24-45K・16薪,45,24,34.5
42,后端开发工程师,北京,北京・海淀区・牡丹园,字节跳动,25-50K・15薪,50,25,37.5
45,python开发工程师,北京,北京,华为,20-40K・15薪,40,20,30.0
46,Python,北京,北京・海淀区・西北旺,腾讯,15-30K・16薪,30,15,22.5
50,(内容方向)服务端架构师,北京,北京・海淀区・上地,百度,15-30K,30,15,22.5
52,自动化攻防渗透工具研发工程师,北京,北京・海淀区・西北旺,华为,25-50K・15薪,50,25,37.5
66,网络流量分析,北京,北京・海淀区・双榆树,腾讯,35-65K,65,35,50.0
67,分布式高级工程师,北京,北京・朝阳区・鸟巢,京东,30-60K・14薪,60,30,45.0
87,Python开发工程师,北京,北京・海淀区・西北旺,华为,12-24K,24,12,18.0
97,服务端高级开发工程师,北京,北京・海淀区・双榆树,字节跳动,20-40K・15薪,40,20,30.0
99,自动驾驶基础架构开发工程师（offboard),北京,北京・海淀区・西北旺,滴滴,20-40K・15薪,40,20,30.0
106,网络研发工程师（混合云方向）,北京,北京,滴滴,30-60K・15薪,60,30,45.0
112,后端开发工程师,北京,北京・海淀区・双榆树,字节跳动,25-50K・16薪,50,25,37.5
113,Python开发工程师,北京,北京・海淀区・西北旺,华为,20-40K・16薪,40,20,30.0
115,Python,北京,北京・海淀区・西北旺,百度,15-30K,30,15,22.5
116,软件开发工程师,北京,北京・海淀区・西北旺,华为,16-30K,30,16,23.0
123,地图数据后台开发-Python,北京,北京,腾讯,30-60K,60,30,45.0
139,客户端开发工程师,北京,北京・海淀区・双榆树,字节跳动,25-50K・15薪,50,25,37.5
145,国际化定价补贴平台开发（Java/Python/Go）,北京,北京・海淀区・西北旺,滴滴,25-50K,50,25,37.5
149,后台研发高级工程师 ― 懂车帝,北京,北京・海淀区・牡丹园,字节跳动,25-50K・15薪,50,25,37.5
150,Python工程师,北京,北京・海淀区・西北旺,华为,15-30K,30,15,22.5
151,地图用户战略中心_用户增长后端研发工程师,北京,北京・海淀区・上地,百度,25-26K,26,25,25.5
155,公共出行-后台开发（高级）工程师,北京,北京・海淀区・西北旺,腾讯,40-50K,50,40,45.0
157,软件开发工程师,北京,北京,华为,18-35K・16薪,35,18,26.5
163,数据服务技术支持专家,北京,北京,字节跳动,15-30K,30,15,22.5
169,网络研发工程师,北京,北京・海淀区・西北旺,滴滴,30-50K・15薪,50,30,40.0
171,后端开发工程师,北京,北京・海淀区・中关村,字节跳动,20-40K・15薪,40,20,30.0
172,数据分析工程师,北京,北京・海淀区・西北旺,华为,15-25K・14薪,25,15,20.0
173,算法工程师,北京,北京・海淀区・上地,百度,20-40K,40,20,30.0
175,后台开发工程师,北京,北京・海淀区・双榆树,腾讯,20-40K・16薪,40,20,30.0
178,Python开发工程师,北京,北京・海淀区・上地,华为,15-30K・13薪,30,15,22.5
180,Golang后台开发工程师,北京,北京・海淀区・双榆树,字节跳动,25-50K,50,25,37.5
186,地图服务开发工程师,北京,北京・海淀区・回龙观,滴滴,25-50K・15薪,50,25,37.5
188,全栈工程师,北京,北京・海淀区・中关村,字节跳动,30-60K・15薪,60,30,45.0
189,云计算工程师,北京,北京・海淀区・西北旺,华为,20-40K,40,20,30.0
190,自动驾驶技术部_高精地图web后端全栈工程师,北京,北京,百度,20-40K・14薪,40,20,30.0
191,POI平台开发工程师（python）,北京,北京,腾讯,30-45K・16薪,45,30,37.5
198,自动驾驶存储系统资深研发工程师,北京,北京・海淀区・西北旺,滴滴,30-50K・15薪,50,30,40.0
200,web后端工程师,北京,北京・海淀区・双榆树,字节跳动,20-40K・15薪,40,20,30.0
201,自动驾驶云平台解决方案全栈开发工程师,北京,北京・海淀区・西北旺,百度,30-50K・16薪,50,30,40.0
202,CSIG16-POI平台后台开发工程师,北京,北京・海淀区・西北旺,腾讯,20-40K・16薪,40,20,30.0
208,高级数据库开发,北京,北京・海淀区・西北旺,滴滴,30-60K・15薪,60,30,45.0
209,Python开发工程师,北京,北京・海淀区・中关村,字节跳动,25-50K,50,25,37.5
210,云计算工程师,北京,北京・海淀区・西北旺,百度,20-40K・15薪,40,20,30.0
211,后台开发高级工程师,北京,北京・海淀区・双榆树,腾讯,25-35K・16薪,35,25,30.0
215,Python后端高级开发工程师――抖音,北京,北京・海淀区・中关村,字节跳动,20-40K・15薪,40,20,30.0
216,高级开源系统工程效率研发工程师,北京,北京・海淀区・上地,百度,25-50K・16薪,50,25,37.5
217,CSIG16-地图数据后台开发工程师,北京,北京,腾讯,30-60K・16薪,60,30,45.0
218,高级研发工程师,北京,北京・海淀区・上地,滴滴,20-30K・15薪,30,20,25.0
222,高级后台开发工程师,北京,北京・海淀区・西北旺,腾讯,30-40K・16薪,40,30,35.0
223,云计算工程师,北京,北京・海淀区・西北旺,百度,15-30K・15薪,30,15,22.5
226,Python开发工程师,北京,北京・海淀区・上地,百度,20-40K・15薪,40,20,30.0
227,【通途】Python开发工程师,北京,北京・昌平区・南邵,腾讯,15-30K,30,15,22.5
230,仿真软件开发工程师,北京,北京,百度,20-40K,40,20,30.0
231,后台研发工程师,北京,北京・海淀区・西北旺,腾讯,20-40K・15薪,40,20,30.0
233,后端开发工程师,北京,北京,百度,20-40K,40,20,30.0
235,平台后端研发工程师,北京,北京,百度,20-40K,40,20,30.0
244,python开发工程师,上海,上海・浦东新区・张江,百度,14-28K,28,14,21.0
250,Python,上海,上海,华为,20-40K・14薪,40,20,30.0
257,Python,上海,上海・杨浦区・五角场,字节跳动,25-50K・15薪,50,25,37.5
258,后台开发工程师,上海,上海・徐汇区・漕河泾,腾讯,30-40K・16薪,40,30,35.0
260,Python,上海,上海・浦东新区・陆家嘴,蚂蚁金服,20-40K・16薪,40,20,30.0
263,后台开发工程师,上海,上海・杨浦区・五角场,字节跳动,30-50K・15薪,50,30,40.0
278,服务端（高级）研发工程师-电商治理平台,上海,上海・杨浦区・五角场,字节跳动,25-35K・15薪,35,25,30.0
279,云原生架构研发工程师-AML,上海,上海・闵行区・虹梅路,字节跳动,30-50K・15薪,50,30,40.0
283,软件开发工程师,上海,上海・浦东新区・金桥,华为,18-30K,30,18,24.0
285,集成构建,上海,上海・浦东新区・金桥,华为,18-35K・14薪,35,18,26.5
327,Python开发工程师/专家,上海,上海・浦东新区・陆家嘴,蚂蚁金服,25-50K・13薪,50,25,37.5
347,软件开发工程师,上海,上海・浦东新区・金桥,华为,19-35K・13薪,35,19,27.0
352,游戏开发团队资深软件开发工程师（工具向）,上海,上海・浦东新区・张江,字节跳动,25-50K・16薪,50,25,37.5
358,研发工程师-高可用监控方向-短视频,上海,上海・闵行区・虹梅路,字节跳动,25-50K・15薪,50,25,37.5
359,后端开发工程师-国际化ToB推荐平台,上海,上海・闵行区・虹梅路,字节跳动,20-40K・15薪,40,20,30.0
361,21届和22届留学生校招,上海,上海・浦东新区・金桥,华为,18-25K,25,18,21.5
362,工具开发工程师,上海,上海・浦东新区・金桥,华为,18-28K・14薪,28,18,23.0
374,上海腾讯云网络后台开发工程师,上海,上海・徐汇区・漕河泾,腾讯,20-40K・15薪,40,20,30.0
394,广告投放研发工程师,上海,上海・闵行区・虹桥,字节跳动,30-50K・15薪,50,30,40.0
395,工程效率研发工程师,上海,上海・浦东新区・金桥,华为,18-35K・15薪,35,18,26.5
398,后台开发工程师,上海,上海・杨浦区・五角场,字节跳动,20-40K,40,20,30.0
402,通用软件工程师,上海,上海・浦东新区・金桥,华为,30-50K,50,30,40.0
405,爬虫大数据开发,上海,上海・徐汇区・漕河泾,腾讯,30-50K・16薪,50,30,40.0
407,【校招】软件工程师,上海,上海・浦东新区・金桥,华为,15-30K・15薪,30,15,22.5
417,研发工程师-短视频-安全方向,上海,上海・闵行区・虹梅路,字节跳动,30-60K・15薪,60,30,45.0
418,工具软件开发工程师,上海,上海・浦东新区・金桥,华为,15-30K,30,15,22.5
424,软件开发工程师,上海,上海・浦东新区・金桥,华为,15-30K・14薪,30,15,22.5
425,云开发体验改进工程师,上海,上海・徐汇区・漕河泾,腾讯,20-40K,40,20,30.0
432,资深服务端研发工程师 - 短视频,上海,上海・闵行区・虹梅路,字节跳动,40-70K,70,40,55.0
435,Python开发工程师,上海,上海・浦东新区・金桥,华为,15-30K・13薪,30,15,22.5
439,Python开发工程师,上海,上海・浦东新区・金桥,华为,20-40K,40,20,30.0
442,高级后端开发工程师,上海,上海・闵行区・虹桥,字节跳动,25-50K・15薪,50,25,37.5
445,软件Python岗位,上海,上海・浦东新区・金桥,华为,25-30K・18薪,30,25,27.5
450,服务端开发工程师-番茄小说,上海,上海・闵行区・虹桥,字节跳动,30-50K・15薪,50,30,40.0
453,python,上海,上海・浦东新区・金桥,华为,20-40K・14薪,40,20,30.0
455,资深软件开发工程师-工具向,上海,上海・浦东新区・张江,字节跳动,45-75K・15薪,75,45,60.0
457,工具开发,上海,上海・浦东新区・金桥,华为,15-30K・14薪,30,15,22.5
461,集成构建,上海,上海・浦东新区・金桥,华为,15-30K・14薪,30,15,22.5
462,资深影视TD-无双,上海,上海・浦东新区・张江,字节跳动,30-50K・15薪,50,30,40.0
463,Python工程师,上海,上海・浦东新区・金桥,华为,20-40K,40,20,30.0
466,高级软件开发工程师,上海,上海・浦东新区・金桥,华为,30-50K・14薪,50,30,40.0
469,WEB后端开发工程师,上海,上海・浦东新区・金桥,华为,25-50K,50,25,37.5
471,AI工程师,上海,上海・浦东新区・金桥,华为,18-25K・14薪,25,18,21.5
473,软件工程师,上海,上海・浦东新区・金桥,华为,15-30K・14薪,30,15,22.5
474,软件工程师C/C++/python,上海,上海・浦东新区・金桥,华为,18-35K・14薪,35,18,26.5
475,软件开发工程师（Python）,上海,上海・浦东新区・金桥,华为,20-40K・13薪,40,20,30.0
476,C++/Python软件开发/测试工程师,上海,上海・浦东新区・金桥,华为,20-40K,40,20,30.0
477,软件开发工程师,上海,上海・浦东新区・金桥,华为,25-50K・13薪,50,25,37.5
478,Python,上海,上海・浦东新区・金桥,华为,15-30K・14薪,30,15,22.5
479,后端研发工程师-广州-python,广州,广州・天河区・猎德,字节跳动,20-40K,40,20,30.0
485,Python,广州,广州,华为,15-25K・14薪,25,15,20.0
486,Python,广州,广州・越秀区・环市东,华为,15-30K・14薪,30,15,22.5
490,策略引擎研发工程师 - 直播,广州,广州・天河区・珠江新城,字节跳动,35-60K・15薪,60,35,47.5
500,资深后台开发工程师,广州,广州・天河区・猎德,字节跳动,30-60K・15薪,60,30,45.0
508,服务端高级研发工程师-营销中台,广州,广州・天河区・珠江新城,字节跳动,25-50K・15薪,50,25,37.5
524,服务端高级研发工程师-营销中台,广州,广州・天河区・珠江新城,字节跳动,25-50K・15薪,50,25,37.5
531,Python开发-异地招聘（东莞/南京/西安）,广州,广州・天河区・天河北,华为,15-30K,30,15,22.5
532,python,广州,广州・天河区・天河公园,华为,20-40K・14薪,40,20,30.0
549,Python,广州,广州・越秀区・环市东,华为,15-25K・14薪,25,15,20.0
550,【东莞】【OD】python开发,广州,广州・越秀区・区庄,华为,15-30K,30,15,22.5
601,后端研发工程师,广州,广州・天河区・猎德,字节跳动,25-50K・15薪,50,25,37.5
606,通用软件开发,广州,广州・天河区・天河公园,华为,20-40K,40,20,30.0
631,后端开发高级工程师,广州,广州・天河区・猎德,字节跳动,20-40K・15薪,40,20,30.0
638,【华为OD】Python开发工程师,广州,广州・天河区・体育中心,华为,15-30K・14薪,30,15,22.5
652,Python高级开发工程师,广州,广州・越秀区・区庄,华为,12-24K・14薪,24,12,18.0
655,python开发工程师,广州,广州・天河区・员村,华为,15-30K,30,15,22.5
774,账户安全基础架构工程师,深圳,深圳・南山区・南山中心,字节跳动,25-50K・15薪,50,25,37.5
793,Python/Go开发工程师,深圳,深圳・南山区・科技园,腾讯,25-40K・16薪,40,25,32.5
799,Python,深圳,深圳・龙岗区・坂田,华为,15-25K・14薪,25,15,20.0
800,服务端研发工程师,深圳,深圳・南山区・科技园,腾讯,30-60K・16薪,60,30,45.0
802,AI平台研发工程师(深圳),深圳,深圳・南山区・科技园,百度,20-40K・15薪,40,20,30.0
803,python开发工程师,深圳,深圳・龙岗区・坂田,华为,20-40K・15薪,40,20,30.0
814,Python高级工程师,深圳,深圳,腾讯,20-40K・16薪,40,20,30.0
824,Python开发工程师（OD岗位）,深圳,深圳・龙岗区・坂田,华为,15-30K,30,15,22.5
844,后端开发工程师,深圳,深圳・南山区・南油,字节跳动,30-50K・15薪,50,30,40.0
855,Python开发工程师（Python/Go）,深圳,深圳・龙岗区・坂田,华为,20-40K・16薪,40,20,30.0
857,Python开发工程师【LI20200626】,深圳,深圳・龙岗区・坂田,华为,20-40K,40,20,30.0
862,后台开发工程师,深圳,深圳・南山区・科技园,腾讯,12-24K・14薪,24,12,18.0
866,python开发工程师,深圳,深圳・龙岗区・坂田,华为,12-24K,24,12,18.0
876,运营开发工程师,深圳,深圳・南山区・科技园,腾讯,18-35K,35,18,26.5
877,后台开发工程师/资深工程师,深圳,深圳・南山区・南山中心,字节跳动,25-50K・15薪,50,25,37.5
884,Python开发工程师,深圳,深圳・龙岗区・坂田,华为,15-30K,30,15,22.5
886,Python,深圳,深圳・龙华区・民治,华为,15-30K・16薪,30,15,22.5
890,web后台开发工程师,深圳,深圳・南山区・科技园,腾讯,13-25K・16薪,25,13,19.0
896,腾讯游戏智能运维平台开发工程师,深圳,深圳・南山区・科技园,腾讯,30-35K・16薪,35,30,32.5
897,Python后端工程师,深圳,深圳・南山区・南油,字节跳动,15-30K,30,15,22.5
902,Python开发工程师,深圳,深圳・龙岗区・坂田,华为,15-30K・14薪,30,15,22.5
904,软件测试工程师,深圳,深圳・龙岗区・坂田,华为,15-30K,30,15,22.5
907,腾讯游戏-Python后台开发工程师,深圳,深圳,腾讯,20-40K・16薪,40,20,30.0
914,服务端开发工程师,深圳,深圳・南山区・科技园,字节跳动,25-45K,45,25,35.0
918,软件测试开发工程师,深圳,深圳・龙岗区・坂田,华为,15-30K,30,15,22.5
920,Python开发工程师,深圳,深圳・龙岗区・坂田,华为,15-30K・14薪,30,15,22.5
923,高级运营开发工程师―Web端,深圳,深圳・南山区・科技园,腾讯,25-50K・15薪,50,25,37.5
929,Python后端高级开发工程师 ― 抖音,深圳,深圳,字节跳动,25-50K・15薪,50,25,37.5
932,Python爬虫工程师,深圳,深圳・龙岗区・华为坂田基地,华为,15-30K・14薪,30,15,22.5
934,软件开发工程师java/python【LIOD】,深圳,深圳・龙岗区・坂田,华为,15-30K,30,15,22.5
936,高级运营开发工程师,深圳,深圳・南山区・科技园,腾讯,25-50K・16薪,50,25,37.5
943,Python,深圳,深圳・龙岗区・坂田,华为,15-30K・14薪,30,15,22.5
945,SRE工具链开发工程师,深圳,深圳・南山区・科技园,腾讯,30-40K・14薪,40,30,35.0
946,Python开发工程师（OD岗位）,深圳,深圳・龙岗区・坂田,华为,15-30K・13薪,30,15,22.5
953,python软件开发工程师,深圳,深圳・龙岗区・坂田,华为,14-28K・14薪,28,14,21.0
955,深圳腾讯云网络后台开发工程师,深圳,深圳・南山区・科技园,腾讯,20-40K・15薪,40,20,30.0
956,Python,深圳,深圳・龙岗区・坂田,华为,15-30K・14薪,30,15,22.5
962,云计算python开发工程师,深圳,深圳・龙岗区・坂田,华为,15-30K・16薪,30,15,22.5
963,云计算开发工程师,深圳,深圳・龙岗区・坂田,华为,15-30K,30,15,22.5
966,后台开发工程师,深圳,深圳・南山区・科技园,腾讯,15-30K,30,15,22.5
969,开发工程师,深圳,深圳・龙岗区・坂田,华为,12-24K・14薪,24,12,18.0
971,华为云-软件开发工程师,深圳,深圳・龙岗区・坂田,华为,15-30K・15薪,30,15,22.5
973,初级后台开发工程师,深圳,深圳・南山区・科技园,腾讯,15-30K,30,15,22.5
975,中高级Python工程师,深圳,深圳・龙岗区・坂田,华为,20-40K・15薪,40,20,30.0
977,腾讯游戏-监控系统开发(Python/Go)-深圳,深圳,深圳・南山区・科技园,腾讯,20-40K・16薪,40,20,30.0
978,德科OD-数据库开发测试,深圳,深圳・龙岗区・坂田,华为,15-30K・14薪,30,15,22.5
981,python,深圳,深圳・龙岗区・坂田,华为,14-28K・16薪,28,14,21.0
982,python爬虫开发工程师,深圳,深圳・南山区・科技园,腾讯,15-30K,30,15,22.5
983,德科OD-智能车开发测试,深圳,深圳・龙岗区・坂田,华为,15-30K・14薪,30,15,22.5
986,大数据分析工程师,深圳,深圳・龙岗区・坂田,华为,15-30K・16薪,30,15,22.5
987,德科OD-AI开发测试,深圳,深圳・龙岗区・坂田,华为,15-30K・14薪,30,15,22.5
988,腾讯云资深计算Python开发工程师,深圳,深圳・南山区・科技园,腾讯,30-60K・16薪,60,30,45.0
990,智能驾驶算法工程师,深圳,深圳・龙岗区・坂田,华为,15-30K・16薪,30,15,22.5
991,后台开发工程师（医疗AI）,深圳,深圳・南山区・科技园,腾讯,30-60K・16薪,60,30,45.0
992,Python开发工程师,深圳,深圳・龙岗区・坂田,华为,15-30K,30,15,22.5
994,华为无线软件开发/测试工程师,深圳,深圳・龙岗区・坂田,华为,15-30K・14薪,30,15,22.5
995,腾讯云网络后台开发工程师（深圳/北京）,深圳,深圳・南山区・科技园,腾讯,25-50K・14薪,50,25,37.5
996,Python深圳软件开发岗（薪酬12K~30K）,深圳,深圳・龙岗区・坂田,华为,12-24K・15薪,24,12,18.0
998,Python开发工程师,深圳,深圳・龙岗区・坂田,华为,18-35K・16薪,35,18,26.5
999,TEG13-高级运行开发工程师,深圳,深圳・南山区・科技园,腾讯,20-40K・16薪,40,20,30.0
1001,Python开发（后端OR爬虫方向）【LIUSZ21】,深圳,深圳,华为,20-40K,40,20,30.0
1002,腾讯TEG-中级Python开发工程师2020,深圳,深圳・南山区・科技园,腾讯,20-35K・18薪,35,20,27.5
1003,爬虫开发工程师【LIU20210623-1】,深圳,深圳,华为,20-40K,40,20,30.0
1004,腾讯TEG-高级Python开发工程师2020,深圳,深圳・南山区・科技园,腾讯,30-50K・18薪,50,30,40.0
1005,pyhon后端软件开发工程师,深圳,深圳,华为,13-26K,26,13,19.5
1006,运营开发工程师,深圳,深圳・南山区・科技园,腾讯,15-30K,30,15,22.5
1007,数据采集分析工程师【LIU20210626】,深圳,深圳,华为,15-30K・17薪,30,15,22.5
1008,运营开发工程师,深圳,深圳・南山区・科技园,腾讯,15-30K,30,15,22.5
1009,Python开发工程师,深圳,深圳・龙岗区・坂田,华为,30-50K・16薪,50,30,40.0
1010,SDN/NFV高级研发工程师（北上杭深）,深圳,深圳・南山区・科技园,腾讯,40-70K,70,40,55.0
1011,Python,深圳,深圳・龙岗区・坂田,华为,15-30K,30,15,22.5
1012,后台开发工程师,深圳,深圳・南山区・科技园,腾讯,18-30K・16薪,30,18,24.0
1013,Python工程师,深圳,深圳・龙岗区・坂田,华为,15-30K,30,15,22.5
1014,后台开发工程师,深圳,深圳・南山区・科技园,腾讯,15-30K,30,15,22.5
1015,python开发工程师,深圳,深圳・龙岗区・坂田,华为,15-30K・15薪,30,15,22.5
1016,Python,深圳,深圳・南山区・科技园,腾讯,25-50K・16薪,50,25,37.5
1017,华为云系统开发工程师,深圳,深圳・龙岗区・坂田,华为,16-30K・14薪,30,16,23.0
1018,Python软件开发工程师（社招，实习）深圳,深圳,深圳・龙岗区・坂田,华为,20-30K・16薪,30,20,25.0
1019,高级后端研发工程师,杭州,杭州・余杭区・仓前,字节跳动,25-45K,45,25,35.0
1028,Python,杭州,杭州・滨江区・长河,华为,14-28K,28,14,21.0
1030,服务端技术负责人-抖音电商,杭州,杭州・余杭区・仓前,字节跳动,45-55K・15薪,55,45,50.0
1032,软件工程师(特聘)-阿里巴巴量子实验室,杭州,杭州・余杭区・五常,阿里,25-45K・15薪,45,25,35.0
1036,软件开发工程师,杭州,杭州・滨江区・长河,华为,15-30K,30,15,22.5
1037,Python开发工程师,杭州,杭州・滨江区・长河,华为,15-30K・14薪,30,15,22.5
1043,Python,杭州,杭州・余杭区・五常,字节跳动,25-50K・15薪,50,25,37.5
1046,Python开发工程师,杭州,杭州・滨江区・长河,华为,13-26K,26,13,19.5
1052,python,杭州,杭州,饿了么,25-40K・16薪,40,25,32.5
1054,技术专家,杭州,杭州・余杭区・五常,阿里,20-40K・16薪,40,20,30.0
1061,Python,杭州,杭州・西湖区・西湖,蚂蚁金服,20-40K・18薪,40,20,30.0
1064,爬虫高级工程师,杭州,杭州・西湖区・西溪,滴滴,20-30K・15薪,30,20,25.0
1074,云计算技术支持工程师02,杭州,杭州・滨江区・浦沿,华为,11-18K,18,11,14.5
1097,云计算平台研发工程师,杭州,杭州・余杭区・五常,字节跳动,25-50K・15薪,50,25,37.5
1100,高级爬虫工程师,杭州,杭州・余杭区・五常,字节跳动,25-50K・15薪,50,25,37.5
1101,Python开发工程师,杭州,杭州・滨江区・长河,华为,13-25K,25,13,19.0
1102,Python,杭州,杭州・滨江区・长河,华为,13-26K・16薪,26,13,19.5
1104,软件开发工程师,杭州,杭州・滨江区・长河,华为,12-24K,24,12,18.0
1107,量子软件工程师-达摩院量子实验室,杭州,杭州・余杭区・五常,阿里,35-65K・13薪,65,35,50.0
1108,python工程师,杭州,杭州,饿了么,25-40K・15薪,40,25,32.5
1124,Python 工程师,杭州,杭州・西湖区・转塘,阿里,12-24K・14薪,24,12,18.0
1136,基础架构 Serverless/FaaS 研发工程师,杭州,杭州・余杭区・五常,字节跳动,25-50K・15薪,50,25,37.5
1137,Python开发工程师,杭州,杭州・滨江区・长河,华为,20-40K・16薪,40,20,30.0
1138,工程效率研发工程师,杭州,杭州・滨江区・星光大道,华为,18-27K,27,18,22.5
1141,软件工程师，量子计算-达摩院量子实验室,杭州,杭州・余杭区・五常,阿里,35-65K・13薪,65,35,50.0
1142,后台开发工程师-工程效率,杭州,杭州・余杭区・五常,字节跳动,30-60K・15薪,60,30,45.0
1158,后端开发工程师-基础架构,杭州,杭州・余杭区・五常,字节跳动,20-40K・15薪,40,20,30.0
1159,Python开发工程师（Python/Go）,杭州,杭州・滨江区・长河,华为,20-40K・16薪,40,20,30.0
1160,Python开发工程师,杭州,杭州・滨江区・长河,华为,23-30K,30,23,26.5
1164,Python高级开发工程师,杭州,杭州・西湖区・转塘,阿里,30-60K,60,30,45.0
1165,高级爬虫工程师,杭州,杭州・余杭区・五常,字节跳动,30-60K・15薪,60,30,45.0
1166,python/java开发工程师,杭州,杭州・余杭区・仓前,阿里,25-50K・16薪,50,25,37.5
1171,Python,杭州,杭州・滨江区・长河,华为,15-25K,25,15,20.0
1172,Python开发工程师,杭州,杭州・滨江区・长河,华为,20-30K,30,20,25.0
1173,高级后端开发工程师-数据建设方向,杭州,杭州,字节跳动,30-60K・15薪,60,30,45.0
1175,高级后端研发工程师,杭州,杭州・余杭区・五常,字节跳动,25-50K・15薪,50,25,37.5
1177,Python开发专家,杭州,杭州・西湖区・转塘,阿里,25-50K,50,25,37.5
1181,淘宝-物联网python高级开发/专家,杭州,杭州・余杭区・五常,阿里,20-40K・16薪,40,20,30.0
1182,Python软件开发工程师(OD),杭州,杭州・滨江区・长河,华为,15-30K・14薪,30,15,22.5
1183,高级爬虫工程师,杭州,杭州,字节跳动,20-40K・15薪,40,20,30.0
1184,软件开发工程师,杭州,杭州・滨江区・长河,华为,18-35K・16薪,35,18,26.5
1188,云计算开发工程师,杭州,杭州・滨江区・长河,华为,12-24K,24,12,18.0
1189,后端开发工程师-电商数据建设,杭州,杭州,字节跳动,25-50K・15薪,50,25,37.5
1190,系统开发工程师,杭州,杭州・滨江区・长河,华为,20-40K,40,20,30.0
1194,云网络研发SE\工程师,杭州,杭州・滨江区・星光大道,华为,20-40K,40,20,30.0
1195,Python开发工程师-电商,杭州,杭州・余杭区・五常,字节跳动,30-60K・15薪,60,30,45.0
1196,AI开发工程师,杭州,杭州・滨江区・长河,华为,15-30K・16薪,30,15,22.5
1199,python高级软件开发工程师,杭州,杭州・滨江区・长河,华为,15-30K・16薪,30,15,22.5
1200,高级后端开发工程师-电商,杭州,杭州,字节跳动,30-50K・15薪,50,30,40.0
1201,软件开发工程师（Python）,杭州,杭州・滨江区・长河,华为,15-30K・14薪,30,15,22.5
1202,5G软件开发工程师,杭州,杭州,华为,20-35K,35,20,27.5
1203,鲲鹏云计算软件开发工程师,杭州,杭州・滨江区・长河,华为,15-30K・15薪,30,15,22.5
1204,云计算软件研发工程师,杭州,杭州・滨江区・长河,华为,15-30K,30,15,22.5
1205,软件开发工程师,杭州,杭州・滨江区・长河,华为,15-30K・16薪,30,15,22.5
1206,系统软件工程师,杭州,杭州・滨江区・长河,华为,12-24K・14薪,24,12,18.0
1207,Python高级开发工程师,杭州,杭州・滨江区・长河,华为,20-40K,40,20,30.0
1208,Python开发,杭州,杭州・滨江区・长河,华为,20-40K・14薪,40,20,30.0
1209,软件开发工程师（Python）,杭州,杭州・滨江区・长河,华为,15-30K・14薪,30,15,22.5
1210,持续集成工程师,杭州,杭州・滨江区・长河,华为,13-26K・16薪,26,13,19.5
1211,Python,杭州,杭州・滨江区・长河,华为,17-30K,30,17,23.5
1212,python开发,杭州,杭州・滨江区・长河,华为,19-35K・15薪,35,19,27.0
1213,华为云计算IaaS软件开发工程师,杭州,杭州・滨江区・长河,华为,13-26K・13薪,26,13,19.5
1214,Python,杭州,杭州・滨江区・长河,华为,13-26K・15薪,26,13,19.5
1215,Python开发工程师,杭州,杭州・滨江区・长河,华为,15-16K,16,15,15.5
1216,云计算高级研发工程师,杭州,杭州・滨江区・长河,华为,20-40K,40,20,30.0
1217,Python,杭州,杭州・滨江区・长河,华为,15-25K・15薪,25,15,20.0
1218,构建和开发工程师,杭州,杭州・滨江区・长河,华为,20-40K・16薪,40,20,30.0
1219,Python,杭州,杭州・滨江区・长河,华为,15-25K・16薪,25,15,20.0
1220,python开发（AI软件）,杭州,杭州,华为,16-30K,30,16,23.0
1221,Python开发工程师,杭州,杭州・滨江区・长河,华为,15-30K・13薪,30,15,22.5
1222,python开发,杭州,杭州・滨江区・长河,华为,15-30K,30,15,22.5
1223,通用软件开发工程师,杭州,杭州,华为,18-35K・16薪,35,18,26.5
1224,云计算开发工程师,杭州,杭州,华为,18-35K・16薪,35,18,26.5
1225,Python开发工程师,杭州,杭州・滨江区・长河,华为,18-35K・14薪,35,18,26.5
1226,Python后端开发工程师,杭州,杭州・滨江区・长河,华为,18-35K・14薪,35,18,26.5
1227,测试工程师,杭州,杭州・滨江区・长河,华为,15-30K・15薪,30,15,22.5
1228,鲲鹏应用软件开发工程师,杭州,杭州・滨江区・长河,华为,13-26K,26,13,19.5
1229,通用软件开发工程师,杭州,杭州・滨江区・长河,华为,35-40K・15薪,40,35,37.5
1230,Python/C/C++开发工程师,杭州,杭州・滨江区・长河,华为,15-30K・16薪,30,15,22.5
1231,鲲鹏应用软件开发工程师,杭州,杭州・滨江区・西兴,华为,20-40K,40,20,30.0
1232,留学生校招-后端开发,杭州,杭州・滨江区・长河,华为,15-30K・14薪,30,15,22.5
1233,华为校招-软件开发工程师,杭州,杭州・滨江区・长河,华为,15-30K・14薪,30,15,22.5
1234,Atlas人工智能计算平台算子开发工程师,杭州,杭州・滨江区・长河,华为,20-40K,40,20,30.0
1235,Python开发工程师,杭州,杭州・滨江区・长河,华为,15-30K・14薪,30,15,22.5
1236,Python开发工程师,杭州,杭州・滨江区・长河,华为,13-26K,26,13,19.5
1237,Python,杭州,杭州・滨江区・长河,华为,15-30K・14薪,30,15,22.5
1238,鲲鹏应用软件开发工程师,杭州,杭州・滨江区・长河,华为,20-25K,25,20,22.5
1239,软件开发工程师,杭州,杭州・滨江区・长河,华为,11-22K,22,11,16.5
1240,python开发工程师,杭州,杭州・滨江区・长河,华为,15-30K,30,15,22.5
1241,Python,杭州,杭州・滨江区・长河,华为,12-24K,24,12,18.0
1242,云网络研发SE\工程师,杭州,杭州・滨江区・长河,华为,20-40K,40,20,30.0
1243,工程效率研发工程师,杭州,杭州・滨江区・长河,华为,18-27K,27,18,22.5
1244,云计算研发工程师,杭州,杭州・滨江区・长河,华为,20-40K・14薪,40,20,30.0
1245,云计算开发工程师,杭州,杭州・滨江区・长河,华为,13-25K・16薪,25,13,19.0
1246,软件开发工程师,杭州,杭州・滨江区・长河,华为,18-30K,30,18,24.0
1247,通用软件全栈工程师（Python）,杭州,杭州・滨江区・长河,华为,20-30K・14薪,30,20,25.0
1248,Python,杭州,杭州・滨江区・长河,华为,15-30K,30,15,22.5
1249,云计算开发工程师,杭州,杭州・滨江区・长河,华为,15-30K,30,15,22.5
1250,软件工程师,杭州,杭州・滨江区・长河,华为,15-30K,30,15,22.5
1251,python/java开发工程师,杭州,杭州・滨江区・长河,华为,15-30K,30,15,22.5
1252,Python/C/C++开发工程师,杭州,杭州・滨江区・长河,华为,15-30K・16薪,30,15,22.5
1253,华为软件工程师OD招聘,杭州,杭州・滨江区・长河,华为,15-30K,30,15,22.5
1254,Python开发,杭州,杭州・滨江区・长河,华为,15-30K,30,15,22.5
1255,openEuler智能系统软件开发工程师,杭州,杭州・滨江区・长河,华为,20-40K・14薪,40,20,30.0
1256,留学生-软件开发,杭州,杭州・滨江区・长河,华为,16-25K・14薪,25,16,20.5
1257,鲲鹏通用软件开发工程师,杭州,杭州・滨江区・长河,华为,14-28K,28,14,21.0
1258,云计算工程师,杭州,杭州・滨江区・长河,华为,16-28K,28,16,22.0
1259,Python开发工程师,杭州,杭州・滨江区・长河,华为,35-50K,50,35,42.5
1260,Python,杭州,杭州・滨江区・长河,华为,20-40K,40,20,30.0
1261,Python,杭州,杭州・滨江区・长河,华为,20-40K,40,20,30.0
1262,Python/C/C++开发工程师,杭州,杭州・滨江区・长河,华为,15-30K・16薪,30,15,22.5
1263,软件开发工程师,杭州,杭州・滨江区・长河,华为,20-25K,25,20,22.5
1264,Python,杭州,杭州・滨江区・长河,华为,18-35K・15薪,35,18,26.5
1267,云计算高级研发工程师,杭州,杭州・滨江区・长河,华为,20-40K・17薪,40,20,30.0
1462,通用软件开发工程师,西安,西安・雁塔区・高新软件园,华为,16-30K,30,16,23.0
1463,python_西安,西安,西安・雁塔区・高新软件园,华为,15-30K・16薪,30,15,22.5
1471,云计算开发工程师,西安,西安,腾讯,15-25K・16薪,25,15,20.0
1472,云计算开发工程师,西安,西安・雁塔区・枫林绿洲,腾讯,20-30K・16薪,30,20,25.0
1475,云网络后台开发工程师(全资公司编制),西安,西安,腾讯,15-30K,30,15,22.5
1486,Python高级开发工程师,西安,西安・雁塔区・丈八,华为,15-25K・14薪,25,15,20.0
1487,后端开发工程师,西安,西安・雁塔区・高新软件园,华为,12-24K・16薪,24,12,18.0
1493,Python高级开发工程师,西安,西安・雁塔区・丈八,华为,15-25K・14薪,25,15,20.0
1494,后端开发工程师,西安,西安・雁塔区・高新软件园,华为,12-24K・16薪,24,12,18.0
1499,云计算后台开发工程师,西安,西安・雁塔区・枫林绿洲,腾讯,15-25K・16薪,25,15,20.0
1500,DevOps工具平台开发工程师,西安,西安・雁塔区・枫林绿洲,腾讯,15-25K・16薪,25,15,20.0
1513,Python开发工程师（Python/Go）,西安,西安・雁塔区・高新软件园,华为,20-40K・16薪,40,20,30.0
1514,Python高级开发工程师,西安,西安・雁塔区・丈八,华为,14-28K,28,14,21.0
1518,研发工程师,西安,西安・雁塔区・沣惠南路,腾讯,15-25K・16薪,25,15,20.0
1519,云计算后台开发工程师,西安,西安・雁塔区・枫林绿洲,腾讯,15-30K・16薪,30,15,22.5
1525,python开发工程师,西安,西安,华为,13-25K・14薪,25,13,19.0
1531,Python高级工程师,西安,西安・长安区・高新软件园,华为,18-25K・14薪,25,18,21.5
1532,华为留学生-软件开发工程师,西安,西安・雁塔区・高新软件园,华为,15-30K,30,15,22.5
1535,运营开发中高级工程师,西安,西安・雁塔区・枫林绿洲,腾讯,15-30K・16薪,30,15,22.5
1539,云计算后台开发工程师,西安,西安・雁塔区・沣惠南路,腾讯,15-30K・16薪,30,15,22.5
1542,软件开发工程师,西安,西安・雁塔区・高新软件园,华为,15-25K,25,15,20.0
1543,云计算 python开发工程师,西安,西安・雁塔区・高新软件园,华为,15-25K・16薪,25,15,20.0
1546,Python开发工程师,西安,西安・雁塔区・电子城,腾讯,15-25K・16薪,25,15,20.0
1552,软件开发工程师,西安,西安・长安区・高新软件园,华为,14-28K・14薪,28,14,21.0
1555,腾讯云SDN/NFV网络虚拟化研发工程师,西安,西安・雁塔区・枫林绿洲,腾讯,20-30K,30,20,25.0
1557,Python,西安,西安・雁塔区・高新软件园,华为,15-30K・14薪,30,15,22.5
1561,python,西安,西安・雁塔区・高新软件园,华为,15-30K,30,15,22.5
1563,Python开发工程师,西安,西安・雁塔区・枫林绿洲,腾讯,15-25K・16薪,25,15,20.0
1565,Python高级开发工程师,西安,西安・雁塔区・高新软件园,华为,14-28K・14薪,28,14,21.0
1567,专有云 DevOps 研发工程师,西安,西安・雁塔区・枫林绿洲,腾讯,12-24K・16薪,24,12,18.0
1571,Python研发工程师,西安,西安・雁塔区・高新软件园,华为,15-30K・16薪,30,15,22.5
1573,腾讯云网络数据分析工程师,西安,西安・雁塔区・枫林绿洲,腾讯,20-30K,30,20,25.0
1574,Python高级工程师,西安,西安・雁塔区・高新软件园,华为,12-24K,24,12,18.0
1579,运营开发高级工程师,西安,西安・雁塔区・枫林绿洲,腾讯,15-25K・16薪,25,15,20.0
1580,Python开发工程师（华为直招）,西安,西安・雁塔区・高新路,华为,20-40K・14薪,40,20,30.0
1581,Python开发工程师,西安,西安・雁塔区・高新软件园,华为,15-30K,30,15,22.5
1585,运营开发工程师（腾讯云全资子公司）,西安,西安・雁塔区・高新软件园,腾讯,12-22K・16薪,22,12,17.0
1586,python,西安,西安・长安区・高新软件园,华为,13-26K,26,13,19.5
1587,Python,西安,西安・雁塔区・高新软件园,华为,15-30K・16薪,30,15,22.5
1592,腾讯云后台开发工程师,西安,西安・雁塔区・枫林绿洲,腾讯,20-40K,40,20,30.0
1593,Python开发工程师,西安,西安・雁塔区・高新软件园,华为,15-30K・14薪,30,15,22.5
1595,Python开发工程师,西安,西安・雁塔区・高新软件园,华为,12-24K,24,12,18.0
1598,Python开发工程师（腾讯云全资子公司）,西安,西安・雁塔区・枫林绿洲,腾讯,15-25K・16薪,25,15,20.0
1599,Python开发,西安,西安・长安区・高新软件园,华为,15-30K,30,15,22.5
1600,Python开发工程师,西安,西安・雁塔区・高新软件园,华为,15-30K,30,15,22.5
1604,腾讯云计算研发,西安,西安・雁塔区・枫林绿洲,腾讯,30-60K・16薪,60,30,45.0
1605,python开发工程师,西安,西安・雁塔区・高新软件园,华为,15-30K,30,15,22.5
1606,Python开发工程师,西安,西安・雁塔区・高新软件园,华为,14-28K・14薪,28,14,21.0
1610,Python开发工程师,西安,西安・雁塔区・枫林绿洲,腾讯,15-30K,30,15,22.5
1611,python开发工程师,西安,西安・雁塔区・高新软件园,华为,30-50K・16薪,50,30,40.0
1612,Python软件开发工程师,西安,西安・雁塔区・高新软件园,华为,14-28K・14薪,28,14,21.0
1616,腾讯云网络后台开发工程师(西安),西安,西安・雁塔区・枫林绿洲,腾讯,20-40K,40,20,30.0
1617,python开发工程师,西安,西安・雁塔区・高新软件园,华为,13-26K,26,13,19.5
1618,Python开发工程师,西安,西安・雁塔区・高新软件园,华为,13-25K,25,13,19.0
1622,云存储研发工程师,西安,西安・雁塔区・枫林绿洲,腾讯,16-30K・16薪,30,16,23.0
1623,Python开发工程师,西安,西安・雁塔区・绿地世纪城,华为,15-30K,30,15,22.5
1625,python开发,西安,西安,华为,12-20K,20,12,16.0
1628,腾讯云运营开发工程师,西安,西安・雁塔区・电子城,腾讯,14-28K・16薪,28,14,21.0
1629,Python软件开发工程师-华为OD,西安,西安・雁塔区・高新软件园,华为,12-24K・14薪,24,12,18.0
1631,Python开发工程师,西安,西安・雁塔区・高新软件园,华为,13-26K,26,13,19.5
1633,腾讯云网络后台后台开发工程师,西安,西安・雁塔区・电子城,腾讯,14-28K・15薪,28,14,21.0
1634,Python高级工程师,西安,西安・雁塔区・高新软件园,华为,15-30K,30,15,22.5
1635,Python开发工程师,西安,西安・雁塔区・高新软件园,华为,15-30K・16薪,30,15,22.5
1637,后端开发高级工程师,西安,西安,腾讯,15-30K・16薪,30,15,22.5
1638,Python软件开发工程师,西安,西安・长安区・高新软件园,华为,14-28K・14薪,28,14,21.0
1640,云计算软件开发工程师,西安,西安・雁塔区・高新软件园,华为,15-30K・16薪,30,15,22.5
1642,腾讯云―计费后台开发（CSIG全资子公司）,西安,西安・雁塔区・绿地世纪城,腾讯,15-25K・16薪,25,15,20.0
1643,软件开发工程师,西安,西安・雁塔区・高新软件园,华为,11-22K,22,11,16.5
1644,Python,西安,西安・雁塔区・高新软件园,华为,12-24K・13薪,24,12,18.0
1646,腾讯云网络后台开发工程师(西安),西安,西安・雁塔区・枫林绿洲,腾讯,15-30K・16薪,30,15,22.5
1647,Python软件开发工程师,西安,西安・雁塔区・高新软件园,华为,20-40K・16薪,40,20,30.0
1649,Python岗位：,西安,西安・雁塔区・高新软件园,华为,15-30K・13薪,30,15,22.5
1651,云计算后台开发工程师,西安,西安・雁塔区・枫林绿洲,腾讯,15-30K・16薪,30,15,22.5
1652,Python,西安,西安・雁塔区・高新软件园,华为,12-24K・13薪,24,12,18.0
1654,Python,西安,西安・雁塔区・枫林绿洲,腾讯,15-30K・16薪,30,15,22.5
1655,python开发工程师,西安,西安,华为,15-30K・16薪,30,15,22.5
1656,Python,西安,西安・长安区・高新软件园,华为,10-15K,15,10,12.5
1658,SDN网络开发工程师,西安,西安・雁塔区・枫林绿洲,腾讯,15-30K・16薪,30,15,22.5
1659,python开发工程师,西安,西安・长安区・高新软件园,华为,13-25K,25,13,19.0
1660,腾讯云python开发工程师,西安,西安・雁塔区・枫林绿洲,腾讯,13-26K・15薪,26,13,19.5
1661,Python开发工程师,西安,西安・长安区・高新软件园,华为,14-28K・14薪,28,14,21.0
1662,Python开发工程师,西安,西安・雁塔区・高新软件园,华为,12-24K,24,12,18.0
1663,Python,西安,西安・雁塔区・电子城,腾讯,15-30K・16薪,30,15,22.5
1664,Python研发工程师,西安,西安・雁塔区・高新软件园,华为,15-30K・16薪,30,15,22.5
1665,云计算开发工程师,西安,西安・长安区,华为,12-24K,24,12,18.0
1666,Python开发工程师,西安,西安・长安区・高新软件园,华为,12-24K,24,12,18.0
1667,云存储研发工程师,西安,西安・雁塔区・枫林绿洲,腾讯,15-30K・16薪,30,15,22.5
1668,Python开发工程师,西安,西安・雁塔区・高新软件园,华为,15-30K・16薪,30,15,22.5
1669,华为云Python开发工程师,西安,西安・雁塔区・高新软件园,华为,15-30K,30,15,22.5
1670,云计算后台开发工程师,西安,西安・雁塔区・枫林绿洲,腾讯,20-40K・18薪,40,20,30.0
1671,Python开发工程师,西安,西安・雁塔区・高新软件园,华为,15-30K,30,15,22.5
1672,高级Python开发工程师,西安,西安,华为,15-30K・16薪,30,15,22.5
1673,网络后台开发工程师,西安,西安・雁塔区・电子城,腾讯,15-25K・15薪,25,15,20.0
1674,华为德科python工程师,西安,西安・雁塔区・高新软件园,华为,15-30K・16薪,30,15,22.5
1675,Python开发工程师,西安,西安・雁塔区・高新软件园,华为,15-30K・16薪,30,15,22.5
1676,DevOps工具平台开发工程师,西安,西安・雁塔区・枫林绿洲,腾讯,15-25K・16薪,25,15,20.0
1677,python开发工程师,西安,西安・雁塔区・高新软件园,华为,13-26K,26,13,19.5
1678,Python,西安,西安・长安区・高新软件园,华为,14-24K,24,14,19.0
1679,31504-腾讯云容器运营开发工程师,西安,西安・雁塔区・枫林绿洲,腾讯,15-25K・16薪,25,15,20.0
1680,Python工程师,西安,西安・雁塔区・高新软件园,华为,15-30K,30,15,22.5
1681,软件工程师,西安,西安・长安区・高新软件园,华为,15-25K,25,15,20.0
1682,云计算开发工程师,西安,西安・雁塔区・枫林绿洲,腾讯,25-50K・16薪,50,25,37.5
1683,Python,西安,西安・雁塔区・丈八,华为,20-25K,25,20,22.5
1684,云计算python开发工程师,西安,西安・雁塔区・高新软件园,华为,12-24K・16薪,24,12,18.0
1685,云计算开发工程师,西安,西安,腾讯,20-40K・16薪,40,20,30.0
1686,python开发，自动化,西安,西安・大朗镇・松山湖,华为,15-25K,25,15,20.0
1687,Python,西安,西安・雁塔区・高新软件园,华为,12-24K,24,12,18.0
1688,Python,西安,西安・雁塔区・枫林绿洲,腾讯,15-30K・16薪,30,15,22.5
1689,OD软件工程师,西安,西安・雁塔区・高新软件园,华为,14-25K・13薪,25,14,19.5
1690,python算法工程师,西安,西安・雁塔区・高新软件园,华为,15-30K・14薪,30,15,22.5
1691,开发工程师,西安,西安・雁塔区・枫林绿洲,腾讯,15-30K・16薪,30,15,22.5
1692,软件开发工程师,西安,西安・雁塔区・高新软件园,华为,12-24K,24,12,18.0
1693,腾讯云运营开发工程师,西安,西安・雁塔区・枫林绿洲,腾讯,15-30K・16薪,30,15,22.5
1694,AI平台Python软件开发工程师,西安,西安・长安区・高新软件园,华为,15-25K,25,15,20.0
1695,腾讯云后端开发工程师,西安,西安・雁塔区・枫林绿洲,腾讯,15-20K・16薪,20,15,17.5
1696,Python,西安,西安・雁塔区・高新软件园,华为,15-16K,16,15,15.5
1697,腾讯云开发工程师(前端后端测试),西安,西安・雁塔区・枫林绿洲,腾讯,15-20K・16薪,20,15,17.5
1698,Python,西安,西安・雁塔区・高新软件园,华为,15-16K,16,15,15.5
1699,腾讯云运营开发工程师（CSIG全资子公司）,西安,西安・雁塔区・枫林绿洲,腾讯,15-30K,30,15,22.5
1700,Python开发工程师,西安,西安・雁塔区・高新软件园,华为,12-20K,20,12,16.0
1701,22989-腾讯云网络后台开发工程师,西安,西安・雁塔区・枫林绿洲,腾讯,15-25K・16薪,25,15,20.0
1702,python开发,西安,西安・雁塔区・高新软件园,华为,12-20K,20,12,16.0
1703,31504-腾讯云运营开发工程师,西安,西安・雁塔区・枫林绿洲,腾讯,15-25K・16薪,25,15,20.0
1704,Python,西安,西安・雁塔区・高新软件园,华为,15-30K・16薪,30,15,22.5
1705,Python开发工程师,西安,西安・雁塔区・电子城,腾讯,15-25K・16薪,25,15,20.0
1706,软件开发,西安,西安・雁塔区・高新软件园,华为,12-20K,20,12,16.0
1707,Python研发工程师,西安,西安・雁塔区・高新软件园,华为,15-30K・16薪,30,15,22.5
1708,专有云运营开发工程师,西安,西安・雁塔区・枫林绿洲,腾讯,11-22K・15薪,22,11,16.5
1709,云计算开发工程师,西安,西安・雁塔区・高新软件园,华为,15-30K・16薪,30,15,22.5
1710,云网络后台开发工程师(腾讯云全资子公司),西安,西安・雁塔区・电子城,腾讯,15-30K,30,15,22.5
1711,Python开发工程师,西安,西安・雁塔区・高新软件园,华为,12-24K,24,12,18.0
1712,SDN/NFV网络研发工程师,西安,西安・雁塔区・电子城,腾讯,20-40K,40,20,30.0
1713,云数据库开发岗,西安,西安・长安区・高新软件园,华为,15-30K,30,15,22.5
1714,腾讯云后台开发工程师（西安子公司）,西安,西安・雁塔区・枫林绿洲,腾讯,18-35K,35,18,26.5
1715,Python开发工程师-OD,西安,西安・雁塔区・高新软件园,华为,15-30K,30,15,22.5
1716,腾讯云API高级研发工程师,西安,西安・雁塔区・枫林绿洲,腾讯,25-40K・16薪,40,25,32.5
1717,Python开发工程师-OD,西安,西安・雁塔区・高新软件园,华为,15-30K,30,15,22.5
1718,运营开发高级工程师,西安,西安・雁塔区・枫林绿洲,腾讯,14-28K・16薪,28,14,21.0
1719,python开发工程师,西安,西安・雁塔区・高新软件园,华为,15-20K,20,15,17.5
1720,Python后台开发工程师,西安,西安・雁塔区・电子城,腾讯,15-30K・16薪,30,15,22.5
1721,python软件工程师,西安,西安・雁塔区・高新软件园,华为,13-24K,24,13,18.5
1722,裸金属物理服务器研发工程师,西安,西安・雁塔区・电子城,腾讯,15-30K・16薪,30,15,22.5
1723,Python开发,西安,西安・雁塔区・高新软件园,华为,14-28K・14薪,28,14,21.0
1724,运营开发,西安,西安・雁塔区・枫林绿洲,腾讯,15-25K・16薪,25,15,20.0
1725,云计算研发工程师,西安,西安・长安区・高新软件园,华为,10-11K,11,10,10.5
1726,腾讯云计费平台后台开发(西安子公司）,西安,西安・雁塔区・枫林绿洲,腾讯,14-28K・16薪,28,14,21.0
1727,Python,西安,西安・雁塔区・高新软件园,华为,14-24K・14薪,24,14,19.0
1728,Python,西安,西安・雁塔区・高新软件园,华为,12-20K,20,12,16.0
1729,软件开发工程师,西安,西安・雁塔区・高新软件园,华为,12-24K,24,12,18.0
1730,python开发工程师,西安,西安・雁塔区・高新软件园,华为,14-28K,28,14,21.0
1731,软件开发工程师,西安,西安・雁塔区・高新软件园,华为,15-25K,25,15,20.0
1738,测试工程师,苏州,苏州,华为,15-30K・15薪,30,15,22.5
1739,Python工程师,苏州,苏州・苏州工业园区・独墅湖,华为,22-40K・16薪,40,22,31.0
1754,Python工程师,苏州,苏州・苏州工业园区・独墅湖,华为,14-28K,28,14,21.0
1756,python开发,苏州,苏州・苏州工业园区・独墅湖,华为,12-24K,24,12,18.0
1766,Python工程师,苏州,苏州・苏州工业园区・独墅湖,华为,14-28K,28,14,21.0
1768,python开发,苏州,苏州・苏州工业园区・独墅湖,华为,12-24K,24,12,18.0
1777,Python开发工程师,苏州,苏州・苏州工业园区・独墅湖,华为,15-25K,25,15,20.0
1793,Python工程师,苏州,苏州・苏州工业园区・独墅湖,华为,14-28K・13薪,28,14,21.0
1829,计算机软件开发,苏州,苏州・苏州工业园区・独墅湖,华为,15-30K,30,15,22.5
1865,python 华为自研项目-管理线培养方向,苏州,苏州・苏州工业园区・独墅湖,华为,15-30K・16薪,30,15,22.5
1957,Python 开发工程师（异地招聘）,苏州,苏州・苏州工业园区・独墅湖,华为,18-23K・15薪,23,18,20.5
1988,云网络后台开发工程师(全资公司编制),武汉,武汉,腾讯,16-25K,25,16,20.5
1989,Python软件开发工程师,武汉,武汉・江夏区・光谷东,华为,20-40K・15薪,40,20,30.0
1990,python开发,武汉,武汉・江夏区・光谷东,华为,15-25K・14薪,25,15,20.0
1991,Python开发工程师,武汉,武汉・江夏区・光谷东,华为,15-30K,30,15,22.5
1996,腾讯云网络后台开发工程师,武汉,武汉・洪山区・光谷,腾讯,20-40K,40,20,30.0
1997,22989-专有云运维平台研发工程师,武汉,武汉・洪山区・光谷,腾讯,25-40K・16薪,40,25,32.5
2004,服务端开发,武汉,武汉・洪山区・光谷,字节跳动,30-60K・16薪,60,30,45.0
2029,通用软件工程师,武汉,武汉・江夏区・光谷东,华为,13-26K,26,13,19.5
2031,武汉-后台开发工程师-安全线（子公司）,武汉,武汉・洪山区・光谷,腾讯,15-30K・16薪,30,15,22.5
2035,云化软件开发,武汉,武汉・江夏区・光谷东,华为,15-30K,30,15,22.5
2042,Python开发工程师,武汉,武汉・江夏区・光谷东,华为,12-16K・14薪,16,12,14.0
2043,腾讯云弹性计算工程师,武汉,武汉・江夏区・光谷,腾讯,20-25K・16薪,25,20,22.5
2051,软件开发岗位,武汉,武汉・江夏区・光谷东,华为,15-30K・14薪,30,15,22.5
2052,SDN/NFV网络开发工程师,武汉,武汉・洪山区・光谷,腾讯,20-40K,40,20,30.0
2069,Python软件开发工程师,武汉,武汉・江夏区・光谷东,华为,20-40K,40,20,30.0
2095,后台开发工程师,武汉,武汉・江夏区・纸坊,腾讯,20-40K・16薪,40,20,30.0
2096,云服务软件研发工程师 - Python,武汉,武汉・江夏区・光谷东,华为,15-30K,30,15,22.5
2106,Python,武汉,武汉・江夏区・光谷东,华为,15-25K・16薪,25,15,20.0
2127,存储研发工程师,武汉,武汉・江夏区・纸坊,腾讯,15-30K・16薪,30,15,22.5
2128,python测试开发工程师,武汉,武汉・江夏区・光谷东,华为,14-28K・15薪,28,14,21.0
2138,云服务开发工程师,武汉,武汉・江夏区・光谷东,华为,25-35K・24薪,35,25,30.0
2147,后台工程师（CSIG全资子公司）-武汉,武汉,武汉・江夏区・光谷,腾讯,20-40K・16薪,40,20,30.0
2149,Python高级软件工程师,武汉,武汉・江夏区・光谷东,华为,20-40K・16薪,40,20,30.0
2161,专有云交付平台高级研发工程师Tech Lead,武汉,武汉・洪山区・光谷,腾讯,30-60K・16薪,60,30,45.0
2163,云化软件开发,武汉,武汉・江夏区・光谷东,华为,15-30K・14薪,30,15,22.5
2169,Python 软件开发工程师,武汉,武汉,华为,18-35K・15薪,35,18,26.5
2173,后台开发工程师,武汉,武汉・洪山区・光谷,腾讯,15-30K・16薪,30,15,22.5
2175,Python开发工程师,武汉,武汉・江夏区・光谷东,华为,18-35K・15薪,35,18,26.5
2181,云网络流量分析（腾讯武汉全资子公司）,武汉,武汉・江夏区・纸坊,腾讯,15-30K,30,15,22.5
2182,华为OD,武汉,武汉・江夏区・光谷东,华为,14-28K,28,14,21.0
2183,软件开发工程师,武汉,武汉・江夏区・光谷东,华为,30-50K・16薪,50,30,40.0
2187,武汉腾讯云网络后台开发工程师,武汉,武汉,腾讯,15-30K,30,15,22.5
2189,华为软件高手,武汉,武汉・江夏区・光谷东,华为,16-30K,30,16,23.0
2190,云化软件开发,武汉,武汉・江夏区・光谷东,华为,20-40K,40,20,30.0
2194,研发工程师,武汉,武汉・江夏区・纸坊,腾讯,20-25K・16薪,25,20,22.5
2196,华为OD,武汉,武汉・江夏区・光谷东,华为,14-28K,28,14,21.0
2197,Java 软件开发工程师,武汉,武汉・江夏区・光谷东,华为,30-60K・16薪,60,30,45.0
2201,云网络后台研发工程师,武汉,武汉・江夏区・纸坊,腾讯,25-45K・14薪,45,25,35.0
2203,python开发工程师,武汉,武汉・江夏区・光谷东,华为,20-40K,40,20,30.0
2207,SDN/NFV高级研发工程师（武汉）,武汉,武汉・江夏区・纸坊,腾讯,25-45K,45,25,35.0
2208,Python开发工程师,武汉,武汉・江夏区・光谷东,华为,11-22K・14薪,22,11,16.5
2209,Python软件开发工程师,武汉,武汉・江夏区・光谷东,华为,20-40K・16薪,40,20,30.0
2212,云计算高级研发工程师,武汉,武汉・江夏区・光谷,腾讯,20-40K,40,20,30.0
2214,python软件开发工程师,武汉,武汉,华为,20-40K・16薪,40,20,30.0
2215,云化软件开发,武汉,武汉,华为,20-30K,30,20,25.0
2216,运营开发工程师(CSIG全资子公司)（武汉）,武汉,武汉・江夏区・纸坊,腾讯,15-30K・16薪,30,15,22.5
2220,AI软件开发,武汉,武汉,华为,25-40K・16薪,40,25,32.5
2221,Python软件工程师,武汉,武汉,华为,20-40K・16薪,40,20,30.0
2223,腾讯云后台研发工程师,武汉,武汉・洪山区・光谷,腾讯,15-30K・16薪,30,15,22.5
2226,Python软件开发工程师,武汉,武汉・江夏区・光谷东,华为,15-30K,30,15,22.5
2227,Python,武汉,武汉・江夏区・光谷东,华为,20-40K,40,20,30.0
2231,python后端开发,武汉,武汉・江夏区・光谷东,华为,11-22K・14薪,22,11,16.5
2232,Python,武汉,武汉・江夏区・光谷东,华为,15-30K,30,15,22.5
2233,腾讯云网络后台开发工程师,武汉,武汉・江夏区・光谷,腾讯,20-40K,40,20,30.0
2236,Python开发工程师,武汉,武汉・江夏区・光谷东,华为,15-30K,30,15,22.5
2238,云化软件开发,武汉,武汉・江夏区・光谷东,华为,20-40K,40,20,30.0
2240,Python,武汉,武汉・江夏区・光谷,腾讯,20-40K・16薪,40,20,30.0
2241,云化软件开发,武汉,武汉・江夏区・光谷东,华为,30-60K・16薪,60,30,45.0
2244,Python,武汉,武汉・江夏区・光谷,腾讯,20-40K・16薪,40,20,30.0
2246,云化软件开发,武汉,武汉,华为,13-18K,18,13,15.5
2248,Python,武汉,武汉・江夏区・光谷,腾讯,20-40K・14薪,40,20,30.0
2251,Python,武汉,武汉・江夏区・光谷,腾讯,20-40K・14薪,40,20,30.0
2256,后台开发高级工程师,厦门,厦门・思明区・软件园,腾讯,30-50K・16薪,50,30,40.0
2266,python后台开发工程师,厦门,厦门・同安区・后田海鲜船坞,腾讯,20-40K・16薪,40,20,30.0
2379,腾讯云cdn计费运营开发工程师,厦门,厦门・同安区・后田海鲜船坞,腾讯,17-25K・14薪,25,17,21.0
2420,腾讯云CDN计费运营开发工程师,厦门,厦门・同安区・后田海鲜船坞,腾讯,15-30K・16薪,30,15,22.5
2437,腾讯云 CDN 运营开发工程师,厦门,厦门・同安区・后田海鲜船坞,腾讯,20-35K・14薪,35,20,27.5
2455,管控平台后台开发（CSIG全资子公司）,长沙,长沙・岳麓区・汽车西站,腾讯,15-30K・16薪,30,15,22.5
2460,软件开发（C++、 JAVA，python， web前端）,长沙,长沙・开福区・湘雅路,华为,15-20K,20,15,17.5
2468,TEG09-操作系统运营开发（CSIG全资子公司）,长沙,长沙・岳麓区・洋湖垸,腾讯,14-28K・16薪,28,14,21.0
2483,TEG09-操作系统运营开发（CSIG全资子公司）,长沙,长沙・岳麓区・洋湖垸,腾讯,14-28K・16薪,28,14,21.0
2523,软件工程师,长沙,长沙・开福区・湘雅路,华为,15-30K・16薪,30,15,22.5
2713,后端开发,成都,成都・武侯区・新会展中心,字节跳动,30-50K,50,30,40.0
2720,Python开发工程师,成都,成都,华为,11-22K,22,11,16.5
2723,后端开发工程师-飞书招聘系统【内推】,成都,成都・武侯区・新会展中心,字节跳动,20-40K・15薪,40,20,30.0
2724,JAVA/JS/PYTHON 软件研发工程师,成都,成都・郫都区・高新西,华为,15-30K,30,15,22.5
2725,云计算工程师,成都,成都・锦江区・春熙路,百度,15-30K・16薪,30,15,22.5
2726,Python开发工程师-成都数据存储与机器视觉,成都,成都・郫都区・高新西,华为,15-30K・15薪,30,15,22.5
2735,Python软件测试开发工程师,成都,成都・郫都区・高新西,华为,15-30K・16薪,30,15,22.5
2737,Python开发工程师,成都,成都・郫都区・高新西,华为,15-30K・16薪,30,15,22.5
2739,Devops工具平台高级开发工程师（成都）,成都,成都・武侯区・新会展中心,腾讯,25-50K・16薪,50,25,37.5
2741,IT技术支持,成都,成都,百度,15-26K・16薪,26,15,20.5
2770,Python/Java软件研发工程师,成都,成都・郫都区・高新西,华为,30-60K,60,30,45.0
2772,云计算工程师,成都,成都・锦江区・春熙路,百度,20-30K・16薪,30,20,25.0
2773,Python高级开发工程师,成都,成都・郫都区・高新西,华为,14-28K・14薪,28,14,21.0
2776,Python高级开发工程师,成都,成都・郫都区・高新西,华为,14-28K・14薪,28,14,21.0
2783,Python开发工程师,成都,成都・武侯区・新会展中心,腾讯,12-20K・14薪,20,12,16.0
2793,高级python工程师,成都,成都・郫都区・高新西,华为,20-35K,35,20,27.5
2799,Python PSE,成都,成都・郫都区,华为,15-30K・13薪,30,15,22.5
2801,云计算工程师,成都,成都・锦江区・春熙路,百度,15-30K・15薪,30,15,22.5
2802,通用软件开发工程师,成都,成都・郫都区・高新西,华为,20-25K,25,20,22.5
2827,Python开发工程师,成都,成都・武侯区・新会展中心,腾讯,12-18K,18,12,15.0
2830,后台软件开发工程师Python,成都,成都・郫都区・高新西,华为,13-26K・14薪,26,13,19.5
2847,通用软件工程师,成都,成都・郫都区・高新西,华为,25-40K・18薪,40,25,32.5
2850,软件开发工程师,成都,成都・郫都区・高新西,华为,18-35K・16薪,35,18,26.5
2851,ACG AI产品研发部_AI中台开发工程师,成都,成都・锦江区・春熙路,百度,40-70K・16薪,70,40,55.0
2855,Python高级软件工程师,成都,成都・郫都区・高新西,华为,14-28K・14薪,28,14,21.0
2866,Python软件开发工程师,成都,成都・郫都区・高新西,华为,15-30K・14薪,30,15,22.5
2874,python,成都,成都・郫都区・高新西,华为,13-26K,26,13,19.5
2876,Python开发工程师,成都,成都・郫都区・高新西,华为,14-28K・14薪,28,14,21.0
2878,售后技术支持专家,成都,成都・锦江区・春熙路,百度,15-25K・15薪,25,15,20.0
2879,Python高级开发工程师,成都,成都・郫都区・高新西,华为,14-28K,28,14,21.0
2891,【急聘】Python自动化开发/测试工程师,成都,成都・郫都区,华为,10-15K・14薪,15,10,12.5
2893,Python开发工程师,成都,成都・郫都区・高新西,华为,15-25K・14薪,25,15,20.0
2894,Python软件开发工程师,成都,成都・郫都区・高新西,华为,14-28K・14薪,28,14,21.0
2901,Python开发工程师,成都,成都・武侯区・新会展中心,腾讯,12-18K,18,12,15.0
2905,Python开发,成都,成都・郫都区,华为,12-24K・14薪,24,12,18.0
2906,Python开发工程师,成都,成都,华为,20-40K・16薪,40,20,30.0
2913,测试工具开发工程师,成都,成都・郫都区・高新西,华为,12-24K・14薪,24,12,18.0
2915,Python开发工程师,成都,成都,华为,13-26K・15薪,26,13,19.5
2922,Python软件开发工程师,成都,成都・郫都区・高新西,华为,14-28K・14薪,28,14,21.0
2924,python开发&测试工程师,成都,成都,华为,13-26K・15薪,26,13,19.5
2929,通用软件工程师,成都,成都・郫都区・高新西,华为,13-26K,26,13,19.5
2934,Python,成都,成都・郫都区・高新西,华为,8-13K,13,8,10.5
2935,华为混合云开发工程师-OD,成都,成都・郫都区・高新西,华为,12-24K,24,12,18.0
2938,Python开发工程师,成都,成都・郫都区・高新西,华为,13-26K,26,13,19.5
2943,Python软件开发工程师,成都,成都・郫都区・高新西,华为,13-26K・14薪,26,13,19.5
2945,软件开发工程师,成都,成都・郫都区・高新西,华为,15-30K・14薪,30,15,22.5
2948,Python开发工程师,成都,成都・郫都区・高新西,华为,13-26K,26,13,19.5
2949,【华为数据存储&外企德科】软件研发工程师,成都,成都・郫都区・高新西,华为,12-24K,24,12,18.0
2952,Python开发工程师,成都,成都・郫都区,华为,15-25K,25,15,20.0
2954,Python开发,成都,成都・郫都区・高新西,华为,14-28K・14薪,28,14,21.0
2956,Python,成都,成都・郫都区・高新西,华为,14-16K,16,14,15.0
2958,通用软件开发及测试，产品解决方案类,成都,成都・郫都区・高新西,华为,17-30K,30,17,23.5
2960,软件开发工程师,成都,成都・郫都区・高新西,华为,13-26K・15薪,26,13,19.5
2962,python开发工程师,成都,成都・郫都区・高新西,华为,15-30K・14薪,30,15,22.5
2963,存储开发工程师,成都,成都・郫都区・高新西,华为,15-30K,30,15,22.5
2964,Python中高级工程师,成都,成都・郫都区,华为,20-40K,40,20,30.0
2965,Python,成都,成都・郫都区・高新西,华为,15-28K・14薪,28,15,21.5
2966,华为成都急招Python软件工程师,成都,成都・郫都区,华为,15-27K・14薪,27,15,21.0
2967,伯\乐寻中高级python、java、c、c++软件工程师,成都,成都・郫都区・郫县城区,华为,16-27K,27,16,21.5
3159,后台研发工程师-重庆,重庆,重庆・渝中区・大坪,字节跳动,15-30K・15薪,30,15,22.5
3162,Python高级开发工程师,重庆,重庆,华为,14-28K・14薪,28,14,21.0
3163,腾讯云运营开发工程师,重庆,重庆・渝北区・新牌坊,腾讯,15-28K・16薪,28,15,21.5
3164,Python高级开发工程师,重庆,重庆・渝中区・解放碑,华为,14-28K・14薪,28,14,21.0
3169,腾讯云运营开发（Python）,重庆,重庆・渝北区・人和,腾讯,14-28K・16薪,28,14,21.0
3173,Python开发工程师,重庆,重庆・渝北区・大竹林,华为,14-28K,28,14,21.0
3178,腾讯云python开发工程师,重庆,重庆・渝北区・新牌坊,腾讯,13-26K・15薪,26,13,19.5
3184,运营开发工程师（CSIG全资子公司）,重庆,重庆・渝北区・新牌坊,腾讯,12-24K・16薪,24,12,18.0
3185,急精通python、java、c/C++、GO一种或多种,重庆,重庆・渝北区・新牌坊,华为,15-30K,30,15,22.5
3194,腾讯云python开发工程师,重庆,重庆・渝北区・新牌坊,腾讯,13-26K・15薪,26,13,19.5
3196,急精通python、java、c/C++、GO一种或多种,重庆,重庆・渝北区・新牌坊,华为,15-30K,30,15,22.5
3197,测试工程师,重庆,重庆・江北区・五里店,字节跳动,12-15K・15薪,15,12,13.5
3231,运营开发工程师（CSIG全资子公司）,重庆,重庆・渝北区・新牌坊,腾讯,12-24K・16薪,24,12,18.0
3285,后台开发工程师,重庆,重庆・渝北区・新牌坊,腾讯,11-20K,20,11,15.5
3297,运营开发工程师（CSIG全资子公司）,重庆,重庆・渝北区・新牌坊,腾讯,12-24K・16薪,24,12,18.0
3300,Python后台开发工程师（CSIG全资子公司）,重庆,重庆・渝北区・新牌坊,腾讯,12-24K・16薪,24,12,18.0
3301,腾讯云后台开发工程师（重庆子公司）,重庆,重庆・渝北区・新牌坊,腾讯,18-35K,35,18,26.5
3326,python,合肥,合肥,华为,20-40K・14薪,40,20,30.0
3333,合肥Python软件开发工程师（异地招聘）,合肥,合肥・庐阳区・蒙城北路,华为,15-30K・14薪,30,15,22.5
3353,Python,合肥,合肥・包河区・望江东路,华为,15-30K,30,15,22.5
3396,Python,合肥,合肥・包河区・望江东路,华为,15-30K,30,15,22.5
3462,通用软件开发工程师（java、python、C/C++）,济南,济南・历下区・奥体,华为,14-23K,23,14,18.5
3739,资深Python研发工程师,南京,南京・建邺区・奥体,字节跳动,25-50K,50,25,37.5
3746,Python,南京,南京・雨花台区・软件大道,华为,15-30K・15薪,30,15,22.5
3756,Linux软件工程师,南京,南京・雨花台区・南京南站,华为,16-23K・16薪,23,16,19.5
3763,云计算技术培训工程师03,南京,南京・秦淮区・汉中路,华为,11-18K・15薪,18,11,14.5
3778,Python开发工程师-数据存储与机器视觉,南京,南京・雨花台区・小行,华为,15-30K・15薪,30,15,22.5
3783,python开发高级工程师,南京,南京・雨花台区・软件大道,华为,20-40K,40,20,30.0
3789,服务端开发工程师,南京,南京・鼓楼区・湖南路,字节跳动,20-40K,40,20,30.0
3790,Python,南京,南京・雨花台区・安德门,华为,15-30K,30,15,22.5
3798,软件开发,南京,南京・雨花台区・南京南站,华为,16-30K・16薪,30,16,23.0
3802,Python开发工程师,南京,南京・雨花台区・南京南站,华为,17-30K・15薪,30,17,23.5
3835,python开发工程师,南京,南京・雨花台区・软件大道,华为,20-40K・15薪,40,20,30.0
3840,Python软件开发工程师,南京,南京・雨花台区・软件大道,华为,20-40K・16薪,40,20,30.0
3875,Python开发工程师,南京,南京,华为,15-30K,30,15,22.5
3918,软件开发工程师  （通用软件开发工程师）,南京,南京・雨花台区・南京南站,华为,15-30K,30,15,22.5
3939,Python开发工程师,南京,南京・雨花台区・软件大道,华为,15-25K,25,15,20.0
3943,软件工程师,南京,南京・雨花台区・南京南站,华为,16-30K,30,16,23.0
3949,南京Python软件开发,南京,南京・雨花台区・软件大道,华为,15-30K・14薪,30,15,22.5
3952,Python高级开发工程师,南京,南京・雨花台区・铁心桥,华为,15-22K・14薪,22,15,18.5
3956,算法工程师--南京,南京,南京・雨花台区・铁心桥,华为,12-24K・15薪,24,12,18.0
3958,软件开发工程师,南京,南京・雨花台区・安德门,华为,20-40K・16薪,40,20,30.0
3961,脚本开发工程师,南京,南京・雨花台区・安德门,华为,15-30K・15薪,30,15,22.5
3963,Python,南京,南京・雨花台区・南京南站,华为,16-30K・14薪,30,16,23.0
3967,Python全栈工程师,南京,南京・雨花台区・南京南站,华为,15-25K,25,15,20.0
3970,python工程师,南京,南京・雨花台区・软件大道,华为,14-18K,18,14,16.0
3971,Python,南京,南京・雨花台区・南京南站,华为,15-30K・13薪,30,15,22.5
3973,华为德科项目 视频开发工程师,南京,南京・雨花台区・软件大道,华为,15-30K,30,15,22.5
3977,python开发高级工程师_OD,南京,南京・雨花台区・南京南站,华为,30-60K,60,30,45.0
3978,德科OD-运维工程师,南京,南京・雨花台区・南京南站,华为,15-30K,30,15,22.5
3981,PaaS化平台开发高级工程师_OD,南京,南京・雨花台区・南京南站,华为,20-40K,40,20,30.0
3984,Python 开发工程师（异地招聘）,南京,南京・雨花台区・南京南站,华为,18-23K・15薪,23,18,20.5
3986,SDN云计算研发高级工程师,南京,南京・雨花台区・铁心桥,华为,25-50K,50,25,37.5
3988,Python,南京,南京・雨花台区・南京南站,华为,15-30K,30,15,22.5
3990,Python软件开发,南京,南京・雨花台区・南京南站,华为,13-25K,25,13,19.0
3991,华为-视频监控软件开发工程师（OD合作方）,南京,南京・雨花台区・南京南站,华为,12-24K,24,12,18.0
3993,Python/C++软件开发工程师,南京,南京・雨花台区・南京南站,华为,12-24K・15薪,24,12,18.0
3995,python测试开发工程师,南京,南京・雨花台区・南京南站,华为,15-30K・15薪,30,15,22.5
3996,Python工程师,南京,南京・雨花台区・南京南站,华为,18-35K・13薪,35,18,26.5
3998,Python,南京,南京・雨花台区・南京南站,华为,15-20K,20,15,17.5
