,电影名称,电影链接,电影评分,评分人数,导演,主演,上映年份,国家,类型
0,肖申克的救赎 / The Shawshank Redemption / 月黑高飞(港)  /  刺激1995(台),https://movie.douban.com/subject/1292052/,9.7,2933177,导演: 弗兰克·德拉邦特 Frank Darabont,主演: 蒂姆·罗宾斯 Tim Robbins /...,1994,美国,犯罪 剧情
1,霸王别姬 / 再见，我的妾  /  Farewell My Concubine,https://movie.douban.com/subject/1291546/,9.6,2166133,导演: 陈凯歌 Kaige Chen,主演: 张国荣 Leslie Cheung / 张丰毅 Fengyi Zha...,1993,中国大陆 中国香港,剧情 爱情 同性
2,阿甘正传 / Forrest Gump / 福雷斯特·冈普,https://movie.douban.com/subject/1292720/,9.5,2186656,导演: 罗伯特·泽米吉斯 Robert Zemeckis,主演: 汤姆·汉克斯 Tom Hanks / ...,1994,美国,剧情 爱情
3,泰坦尼克号 / Titanic / 铁达尼号(港 / 台),https://movie.douban.com/subject/1292722/,9.5,2219669,导演: 詹姆斯·卡梅隆 James Cameron,主演: 莱昂纳多·迪卡普里奥 Leonardo...,1997,美国 墨西哥,剧情 爱情 灾难
4,这个杀手不太冷 / Léon / 终极追杀令(台)  /  杀手莱昂,https://movie.douban.com/subject/1295644/,9.4,2319035,导演: 吕克·贝松 Luc Besson,主演: 让·雷诺 Jean Reno / 娜塔莉·波特曼 ...,1994,法国 美国,剧情 动作 犯罪
5,千与千寻 / 千と千尋の神隠し / 神隐少女(台)  /  千与千寻的神隐,https://movie.douban.com/subject/1291561/,9.4,2270176,导演: 宫崎骏 Hayao Miyazaki,主演: 柊瑠美 Rumi Hîragi / 入野自由 Miy...,2001,日本,剧情 动画 奇幻
6,美丽人生 / La vita è bella / 一个快乐的传说(港)  /  Life Is Beautiful,https://movie.douban.com/subject/1292063/,9.6,1341163,导演: 罗伯托·贝尼尼 Roberto Benigni,主演: 罗伯托·贝尼尼 Roberto Beni...,1997,意大利,剧情 喜剧 爱情 战争
7,星际穿越 / Interstellar / 星际启示录(港)  /  星际效应(台),https://movie.douban.com/subject/1889243/,9.4,1873900,导演: 克里斯托弗·诺兰 Christopher Nolan,主演: 马修·麦康纳 Matthew Mc...,2014,美国 英国 加拿大,剧情 科幻 冒险
8,辛德勒的名单 / Schindler's List / 舒特拉的名单(港)  /  辛德勒名单,https://movie.douban.com/subject/1295124/,9.6,1119105,导演: 史蒂文·斯皮尔伯格 Steven Spielberg,主演: 连姆·尼森 Liam Neeson...,1993,美国,剧情 历史 战争
9,盗梦空间 / Inception / 潜行凶间(港)  /  全面启动(台),https://movie.douban.com/subject/3541415/,9.4,2090761,导演: 克里斯托弗·诺兰 Christopher Nolan,主演: 莱昂纳多·迪卡普里奥 Le...,2010,美国 英国,剧情 科幻 悬疑 冒险
10,楚门的世界 / The Truman Show / 真人Show(港)  /  真人戏,https://movie.douban.com/subject/1292064/,9.4,1737750,导演: 彼得·威尔 Peter Weir,主演: 金·凯瑞 Jim Carrey / 劳拉·琳妮 Lau...,1998,美国,剧情 科幻
11,忠犬八公的故事 / Hachi: A Dog's Tale / 秋田犬八千(港)  /  忠犬小八(台),https://movie.douban.com/subject/3011091/,9.4,1412274,导演: 莱塞·霍尔斯道姆 Lasse Hallström,主演: 理查·基尔 Richard Ger...,2009,美国 英国,剧情
12,海上钢琴师 / La leggenda del pianista sull'oceano / 声光伴我飞(港)  /  一九零零的传奇,https://movie.douban.com/subject/1292001/,9.3,1695793,导演: 朱塞佩·托纳多雷 Giuseppe Tornatore,主演: 蒂姆·罗斯 Tim Roth / ...,1998,意大利,剧情 音乐
13,三傻大闹宝莱坞 / 3 Idiots / 三个傻瓜(台)  /  作死不离3兄弟(港),https://movie.douban.com/subject/3793023/,9.2,1878506,导演: 拉库马·希拉尼 Rajkumar Hirani,主演: 阿米尔·汗 Aamir Khan / 卡...,2009,印度,剧情 喜剧 爱情 歌舞
14,放牛班的春天 / Les choristes / 歌声伴我心(港)  /  唱诗班男孩,https://movie.douban.com/subject/1291549/,9.3,1327193,导演: 克里斯托夫·巴拉蒂 Christophe Barratier,主演: 让-巴蒂斯特·莫尼...,2004,法国 瑞士 德国,剧情 音乐
15,机器人总动员 / WALL·E / 太空奇兵·威E(港)  /  瓦力(台),https://movie.douban.com/subject/2131459/,9.3,1331498,导演: 安德鲁·斯坦顿 Andrew Stanton,主演: 本·贝尔特 Ben Burtt / 艾丽...,2008,美国,科幻 动画 冒险
16,疯狂动物城 / Zootopia / 优兽大都会(港)  /  动物方城市(台),https://movie.douban.com/subject/25662329/,9.2,1966445,导演: 拜伦·霍华德 Byron Howard / 瑞奇·摩尔 Rich Moore,主演: 金妮弗·...,2016,美国,喜剧 动画 冒险
17,无间道 / 無間道 / Infernal Affairs  /  Mou gaan dou,https://movie.douban.com/subject/1307914/,9.3,1382543,导演: 刘伟强 / 麦兆辉,主演: 刘德华 Andy Lau / 梁朝伟 Tony Leung Chiu W...,2002,中国香港,剧情 犯罪 惊悚
18,控方证人 / Witness for the Prosecution / 雄才伟略  /  情妇,https://movie.douban.com/subject/1296141/,9.6,573889,导演: 比利·怀尔德 Billy Wilder,主演: 泰隆·鲍华 Tyrone Power / 玛琳·...,1957,美国,剧情 犯罪 悬疑
19,大话西游之大圣娶亲 / 西遊記大結局之仙履奇緣 / 西游记完结篇仙履奇缘  /  齐天大圣西游记,https://movie.douban.com/subject/1292213/,9.2,1550396,导演: 刘镇伟 Jeffrey Lau,主演: 周星驰 Stephen Chow / 吴孟达 Man Tat Ng...,1995,中国香港 中国大陆,喜剧 爱情 奇幻 古装
20,熔炉 / 도가니 / 无声呐喊(港)  /  漩涡,https://movie.douban.com/subject/5912992/,9.4,941296,导演: 黄东赫 Dong-hyuk Hwang,主演: 孔侑 Yoo Gong / 郑有美 Yu-mi Jung /...,2011,韩国,剧情
21,教父 / The Godfather / Mario Puzo's The Godfather,https://movie.douban.com/subject/1291841/,9.3,980301,导演: 弗朗西斯·福特·科波拉 Francis Ford Coppola,主演: 马龙·白兰度 M...,1972,美国,剧情 犯罪
22,触不可及 / Intouchables / 闪亮人生(港)  /  逆转人生(台),https://movie.douban.com/subject/6786002/,9.3,1131651,导演: 奥利维·那卡什 Olivier Nakache / 艾力克·托兰达 Eric Toledano,主...,2011,法国,剧情 喜剧
23,当幸福来敲门 / The Pursuit of Happyness / 寻找快乐的故事(港)  /  追求快乐,https://movie.douban.com/subject/1849031/,9.2,1536734,导演: 加布里尔·穆奇诺 Gabriele Muccino,主演: 威尔·史密斯 Will Smith ...,2006,美国,剧情 传记 家庭
24,末代皇帝 / The Last Emperor / 末代皇帝溥仪(港)  /  L'ultimo imperatore,https://movie.douban.com/subject/1293172/,9.3,898875,导演: 贝纳尔多·贝托鲁奇 Bernardo Bertolucci,主演: 尊龙 John Lone / 陈...,1987,英国 意大利 中国大陆 法国,剧情 传记 历史
25,寻梦环游记 / Coco / 玩转极乐园(港)  /  可可夜总会(台),https://movie.douban.com/subject/20495023/,9.1,1707111,导演: 李·昂克里奇 Lee Unkrich / 阿德里安·莫利纳 Adrian Molina,主演: ...,2017,美国,喜剧 动画 奇幻 音乐
26,龙猫 / となりのトトロ / 邻居托托罗  /  邻家的豆豆龙,https://movie.douban.com/subject/1291560/,9.2,1280700,导演: 宫崎骏 Hayao Miyazaki,主演: 日高法子 Noriko Hidaka / 坂本千夏 Ch...,1988,日本,动画 奇幻 冒险
27,怦然心动 / Flipped / 萌动青春  /  青春萌动,https://movie.douban.com/subject/3319755/,9.1,1854182,导演: 罗伯·莱纳 Rob Reiner,主演: 玛德琳·卡罗尔 Madeline Carroll / 卡...,2010,美国,剧情 喜剧 爱情
28,活着 / 人生  /  Lifetimes,https://movie.douban.com/subject/1292365/,9.3,857203,导演: 张艺谋 Yimou Zhang,主演: 葛优 You Ge / 巩俐 Li Gong / 姜武 Wu Jiang,1994,中国大陆 中国香港,剧情 历史 家庭
29,蝙蝠侠：黑暗骑士 / The Dark Knight / 蝙蝠侠前传2：黑暗骑士  /  黑暗骑士(台),https://movie.douban.com/subject/1851857/,9.2,1074907,导演: 克里斯托弗·诺兰 Christopher Nolan,主演: 克里斯蒂安·贝尔 Christ...,2008,美国 英国,剧情 动作 科幻 犯罪 惊悚
30,哈利·波特与魔法石 / Harry Potter and the Sorcerer's Stone / 哈利波特1：神秘的魔法石(港 / 台) ,https://movie.douban.com/subject/1295038/,9.2,1210455,导演: Chris Columbus,主演: Daniel Radcliffe / Emma Watson / Rupert Grint,2001,美国 英国,奇幻 冒险
31,指环王3：王者无敌 / The Lord of the Rings: The Return of the King / 魔戒三部曲：王者再临(台 / 港) ,https://movie.douban.com/subject/1291552/,9.3,813557,导演: 彼得·杰克逊 Peter Jackson,主演: 伊利亚·伍德 Elijah Wood / 西恩...,2003,美国 新西兰,剧情 动作 奇幻 冒险
32,我不是药神 / 中国药神  /  印度药神,https://movie.douban.com/subject/26752088/,9.0,2129632,导演: 文牧野 Muye Wen,主演: 徐峥 Zheng Xu / 王传君 Chuanjun Wang / 周...,2018,中国大陆,剧情 喜剧
33,乱世佳人 / Gone with the Wind / 飘,https://movie.douban.com/subject/1300267/,9.3,700061,导演: 维克多·弗莱明 Victor Fleming / 乔治·库克 George Cukor,主演: 费...,1939,美国,剧情 历史 爱情 战争
34,飞屋环游记 / Up / 冲天救兵(港)  /  天外奇迹(台),https://movie.douban.com/subject/2129039/,9.1,1342107,导演: 彼特·道格特 Pete Docter / 鲍勃·彼德森 Bob Peterson,主演: 爱德...,2009,美国,剧情 喜剧 动画 冒险
35,素媛 / 소원 / 许愿  /  希望：为爱重生(台),https://movie.douban.com/subject/21937452/,9.3,695434,导演: 李濬益 Jun-ik Lee,主演: 薛景求 Kyung-gu Sol / 严志媛 Ji-won Uhm ...,2013,韩国,剧情
36,哈尔的移动城堡 / ハウルの動く城 / 哈尔移动城堡(港)  /  霍尔的移动城堡(台),https://movie.douban.com/subject/1308807/,9.1,1039910,导演: 宫崎骏 Hayao Miyazaki,主演: 倍赏千惠子 Chieko Baishô / 木村拓...,2004,日本,动画 奇幻 冒险
37,十二怒汉 / 12 Angry Men / 12怒汉  /  十二怒汉,https://movie.douban.com/subject/1293182/,9.4,498222,导演: Sidney Lumet,主演: 亨利·方达 Henry Fonda / 马丁·鲍尔萨姆 Marti...,1957,美国,剧情
38,何以为家 / كفرناحوم / 迦百农  /  星仔打官司(港),https://movie.douban.com/subject/30170448/,9.1,1056935,导演: 娜丁·拉巴基 Nadine Labaki,主演: 扎因·拉费阿 Zain al-Rafeea / ...,2018,黎巴嫩 美国 法国 塞浦路斯 卡塔尔 英国,剧情
39,摔跤吧！爸爸 / Dangal / 我和我的冠军女儿(台)  /  打死不离3父女(港),https://movie.douban.com/subject/26387939/,9.0,1586279,导演: 涅提·蒂瓦里 Nitesh Tiwari,主演: 阿米尔·汗 Aamir Khan / 法缇玛...,2016,印度,剧情 传记 运动 家庭
40,让子弹飞 / 让子弹飞一会儿  /  火烧云,https://movie.douban.com/subject/3742360/,9.0,1719604,导演: 姜文 Wen Jiang,主演: 姜文 Wen Jiang / 葛优 You Ge / 周润发 Yun-F...,2010,中国大陆 中国香港,剧情 喜剧 动作 西部
41,猫鼠游戏 / Catch Me If You Can / 逍遥法外  /  捉智双雄(港),https://movie.douban.com/subject/1305487/,9.1,1042263,导演: 史蒂文·斯皮尔伯格 Steven Spielberg,主演: 莱昂纳多·迪卡普里奥 L...,2002,美国 加拿大,传记 犯罪 剧情
42,天空之城 / 天空の城ラピュタ / 天空之城拉普他  /  空中城堡拉普他,https://movie.douban.com/subject/1291583/,9.2,886081,导演: 宫崎骏 Hayao Miyazaki,主演: 田中真弓 Mayumi Tanaka / 横泽启子 Ke...,1986,日本,动画 奇幻 冒险
43,鬼子来了 / Devils on the Doorstep,https://movie.douban.com/subject/1291858/,9.3,634445,导演: 姜文 Wen Jiang,主演: 姜文 Wen Jiang / 香川照之 Teruyuki Kagawa /...,2000,中国大陆,剧情 喜剧
44,少年派的奇幻漂流 / Life of Pi / 少年Pi的奇幻漂流  /  漂流少年Pi,https://movie.douban.com/subject/1929463/,9.1,1362793,导演: 李安 Ang Lee,主演: 苏拉·沙玛 Suraj Sharma / 伊尔凡·可汗 Irrfan...,2012,美国 中国台湾 英国 加拿大,剧情 奇幻 冒险
45,海蒂和爷爷 / Heidi / 飘零燕(港)  /  海蒂,https://movie.douban.com/subject/25958717/,9.3,628438,导演: 阿兰·葛斯彭纳 Alain Gsponer,主演: 阿努克·斯特芬 Anuk Steffen /...,2015,德国 瑞士,剧情 冒险 家庭
46,钢琴家 / The Pianist / 钢琴战曲(港)  /  战地琴人(台),https://movie.douban.com/subject/1296736/,9.3,650558,导演: 罗曼·波兰斯基 Roman Polanski,主演: 艾德里安·布洛迪 Adrien Brod...,2002,英国 法国 波兰 德国,剧情 传记 战争 音乐
47,大话西游之月光宝盒 / 西遊記第壹佰零壹回之月光寶盒 / 西游记101回月光宝盒  /  齐天大圣东游记,https://movie.douban.com/subject/1299398/,9.0,1234508,导演: 刘镇伟 Jeffrey Lau,主演: 周星驰 Stephen Chow / 吴孟达 Man Tat Ng...,1995,中国香港 中国大陆,喜剧 爱情 奇幻 古装
48,指环王2：双塔奇兵 / The Lord of the Rings: The Two Towers / 魔戒二部曲：双城奇谋  /  指环王II：双塔,https://movie.douban.com/subject/1291572/,9.2,763260,导演: 彼得·杰克逊 Peter Jackson,主演: 伊利亚·伍德 Elijah Wood / 西恩...,2002,美国 新西兰,剧情 动作 奇幻 冒险
49,闻香识女人 / Scent of a Woman / 女人香  /  女人的芳香,https://movie.douban.com/subject/1298624/,9.1,898165,导演: 马丁·布莱斯 Martin Brest,主演: 阿尔·帕西诺 Al Pacino / 克里斯...,1992,美国,剧情
50,罗马假日 / Roman Holiday / 金枝玉叶(港)  /  罗马假期(台),https://movie.douban.com/subject/1293839/,9.1,959784,导演: 威廉·惠勒 William Wyler,主演: 奥黛丽·赫本 Audrey Hepburn / 格...,1953,美国,喜剧 剧情 爱情
51,死亡诗社 / Dead Poets Society / 暴雨骄阳(港)  /  春风化雨(台),https://movie.douban.com/subject/1291548/,9.2,738213,导演: 彼得·威尔 Peter Weir,主演: 罗宾·威廉姆斯 Robin Williams / 罗伯...,1989,美国,剧情
52,绿皮书 / Green Book / 绿簿旅友(港)  /  幸福绿皮书(台),https://movie.douban.com/subject/27060077/,8.9,1670540,导演: 彼得·法雷里 Peter Farrelly,主演: 维果·莫腾森 Viggo Mortensen /...,2018,美国 中国大陆,剧情 喜剧 传记 音乐
53,天堂电影院 / Nuovo Cinema Paradiso / 星光伴我心(港)  /  新天堂乐园(台),https://movie.douban.com/subject/1291828/,9.2,684847,导演: 朱塞佩·托纳多雷 Giuseppe Tornatore,主演: 菲利普·努瓦雷 Philipp...,1988,意大利 法国,剧情 爱情
54,大闹天宫 / 大闹天宫 上下集  /  The Monkey King,https://movie.douban.com/subject/1418019/,9.4,444615,导演: 万籁鸣 Laiming Wan,主演: 邱岳峰 Yuefeng Qiu / 富润生 Runsheng Fu...,1961(中国大陆)/1964(中国大陆)/1978(中国大陆),中国大陆,剧情 动画 奇幻 古装
55,指环王1：护戒使者 / The Lord of the Rings: The Fellowship of the Ring / 指环王1：魔戒再现  /  指环王I：护戒使者,https://movie.douban.com/subject/1291571/,9.1,857791,导演: 彼得·杰克逊 Peter Jackson,主演: 伊利亚·伍德 Elijah Wood / 西恩...,2001,新西兰 美国,剧情 动作 奇幻 冒险
56,黑客帝国 / The Matrix / 22世纪杀人网络(港)  /  廿二世纪杀人网络(港),https://movie.douban.com/subject/1291843/,9.1,847253,导演: 安迪·沃卓斯基 Andy Wachowski / 拉娜·沃卓斯基 Lana Wachowski,主...,1999,美国,动作 科幻
57,教父2 / The Godfather: Part II / 教父续集(港)  /  教父II,https://movie.douban.com/subject/1299131/,9.3,560335,导演: 弗朗西斯·福特·科波拉 Francis Ford Coppola,主演: 阿尔·帕西诺 A...,1974,美国,剧情 犯罪
58,狮子王 / The Lion King / 狮子王3D,https://movie.douban.com/subject/1301753/,9.1,853715,导演: Roger Allers / 罗伯·明可夫 Rob Minkoff,主演: 乔纳森·泰勒·托马...,1994,美国,动画 冒险 歌舞
59,辩护人 / 변호인 / 逆权大状(港)  /  正义辩护人(台),https://movie.douban.com/subject/21937445/,9.2,594380,导演: 杨宇硕 Woo-seok Yang,主演: 宋康昊 Kang-ho Song / 金英爱 Yeong-ae...,2013,韩国,剧情
60,饮食男女 / 飲食男女 / Eat Drink Man Woman,https://movie.douban.com/subject/1291818/,9.2,629031,导演: 李安 Ang Lee,主演: 郎雄 Sihung Lung / 杨贵媚 Kuei-Mei Yang / 吴...,1994,中国台湾 美国,剧情 家庭
61,搏击俱乐部 / Fight Club / 搏击会(港)  /  斗阵俱乐部(台),https://movie.douban.com/subject/1292000/,9.0,855747,导演: 大卫·芬奇 David Fincher,主演: 爱德华·诺顿 Edward Norton / 布拉...,1999,美国,剧情 动作 悬疑 惊悚
62,美丽心灵 / A Beautiful Mind / 有你终生美丽(港)  /  美丽境界(台),https://movie.douban.com/subject/1306029/,9.1,777278,导演: 朗·霍华德 Ron Howard,主演: 罗素·克劳 Russell Crowe / 艾德·哈...,2001,美国,传记 剧情
63,本杰明·巴顿奇事 / The Curious Case of Benjamin Button / 奇幻逆缘(港)  /  班杰明的奇幻旅程(台),https://movie.douban.com/subject/1485260/,9.0,994635,导演: 大卫·芬奇 David Fincher,主演: 凯特·布兰切特 Cate Blanchett / ...,2008,美国,剧情 爱情 奇幻
64,穿条纹睡衣的男孩 / The Boy in the Striped Pajamas / 穿条纹衣服的男孩  /  穿条纹衣的男孩,https://movie.douban.com/subject/3008247/,9.2,573296,导演: 马克·赫尔曼 Mark Herman,主演: 阿萨·巴特菲尔德 Asa Butterfield ...,2008,英国 美国,剧情 战争
65,窃听风暴 / Das Leben der Anderen / 窃听者(港)  /  他人的生活,https://movie.douban.com/subject/1900841/,9.2,570776,导演: 弗洛里安·亨克尔·冯·多纳斯马尔克 Florian Henckel von Donnersmarck  &n...,,2006,德国,剧情 悬疑
66,情书 / Love Letter / When I Close My Eyes  /  Letters of Love,https://movie.douban.com/subject/1292220/,8.9,1128449,导演: 岩井俊二 Shunji Iwai,主演: 中山美穗 Miho Nakayama / 丰川悦司 Ets...,1995,日本,剧情 爱情
67,"两杆大烟枪 / Lock, Stock and Two Smoking Barrels / 够姜四小强(港)  /  两根枪管(台)",https://movie.douban.com/subject/1293350/,9.1,601013,导演: 盖·里奇 Guy Ritchie,主演: 杰森·弗莱明 Jason Flemyng / 德克斯特...,1998,英国,剧情 喜剧 犯罪
68,西西里的美丽传说 / Malèna / 真爱伴我行(台)  /  玛莲娜,https://movie.douban.com/subject/1292402/,8.9,985911,导演: 朱塞佩·托纳多雷 Giuseppe Tornatore,主演: 莫妮卡·贝鲁奇 Monica ...,2000,意大利 美国,剧情 战争 情色
69,看不见的客人 / Contratiempo / 死无对证(港)  /  布局(台),https://movie.douban.com/subject/26580232/,8.8,1285890,导演: 奥里奥尔·保罗 Oriol Paulo,主演: 马里奥·卡萨斯 Mario Casas / 阿...,2016,西班牙,剧情 犯罪 悬疑 惊悚
70,音乐之声 / The Sound of Music / 仙乐飘飘处处闻(港)  /  真善美(台),https://movie.douban.com/subject/1294408/,9.1,609870,导演: 罗伯特·怀斯 Robert Wise,主演: 朱莉·安德鲁斯 Julie Andrews / 克...,1965,美国,剧情 传记 爱情 歌舞
71,阿凡达 / Avatar / ,https://movie.douban.com/subject/1652587/,8.8,1436113,导演: 詹姆斯·卡梅隆 James Cameron,主演: 萨姆·沃辛顿 Sam Worthington ...,2009,美国,动作 科幻 冒险
72,拯救大兵瑞恩 / Saving Private Ryan / 雷霆救兵(港)  /  抢救雷恩大兵(台),https://movie.douban.com/subject/1292849/,9.1,654408,导演: 史蒂文·斯皮尔伯格 Steven Spielberg,主演: 汤姆·汉克斯 Tom Hanks...,1998,美国,剧情 战争
73,哈利·波特与死亡圣器(下) / Harry Potter and the Deathly Hallows: Part 2 / 哈利波特7：死神的圣物2(港 / 台) ,https://movie.douban.com/subject/3011235/,9.0,843472,导演: 大卫·叶茨 David Yates,主演: 丹尼尔·雷德克里夫 Daniel Radcliffe...,2011,美国 英国,奇幻 冒险
74,飞越疯人院 / One Flew Over the Cuckoo's Nest / 飞越杜鹃窝(台)  /  飞越喜鹊巢,https://movie.douban.com/subject/1292224/,9.1,552449,导演: 米洛斯·福尔曼 Miloš Forman,主演: 杰克·尼科尔森 Jack Nichols...,1975,美国,剧情
75,小鞋子 / بچه های آسمان / 天堂的孩子  /  小童鞋,https://movie.douban.com/subject/1303021/,9.2,415916,导演: 马基德·马基迪 Majid Majidi,主演: 默罕默德·阿米尔·纳吉 Mohamma...,1997,伊朗,剧情 儿童 家庭
76,沉默的羔羊 / The Silence of the Lambs / 沉默的羔羊,https://movie.douban.com/subject/1293544/,8.9,900764,导演: 乔纳森·戴米 Jonathan Demme,主演: 朱迪·福斯特 Jodie Foster / 安...,1991,美国,剧情 犯罪 惊悚
77,布达佩斯大饭店 / The Grand Budapest Hotel / 布达佩斯大酒店(港)  /  欢迎来到布达佩斯大饭店(台),https://movie.douban.com/subject/11525673/,8.9,949901,导演: 韦斯·安德森 Wes Anderson,主演: 拉尔夫·费因斯 Ralph Fiennes / ...,2014,美国 德国 英国,剧情 喜剧 冒险
78,禁闭岛 / Shutter Island / 不赦岛(港)  /  隔离岛(台),https://movie.douban.com/subject/2334904/,8.9,990356,导演: Martin Scorsese,主演: 莱昂纳多·迪卡普里奥 Leonardo DiCaprio / ...,2010,美国,剧情 悬疑 惊悚
79,功夫 / 功夫3D  /  Kung Fu Hustle,https://movie.douban.com/subject/1291543/,8.8,1150868,导演: 周星驰 Stephen Chow,主演: 周星驰 Stephen Chow / 元秋 Qiu Yuen / ...,2004,中国大陆 中国香港,动作 喜剧 犯罪 奇幻
80,蝴蝶效应 / The Butterfly Effect / 蝴蝶效应,https://movie.douban.com/subject/1292343/,8.9,949709,导演: 埃里克·布雷斯 Eric Bress / J·麦基·格鲁伯 J. Mackye Gruber,主...,2004,美国 加拿大,剧情 悬疑 科幻 惊悚
81,致命魔术 / The Prestige / 死亡魔法(港)  /  顶尖对决(台),https://movie.douban.com/subject/1780330/,8.9,871413,导演: 克里斯托弗·诺兰 Christopher Nolan,主演: 休·杰克曼 Hugh Jackman...,2006,英国 美国,剧情 悬疑 惊悚
82,哈利·波特与阿兹卡班的囚徒 / Harry Potter and the Prisoner of Azkaban / 哈利波特3：阿兹卡班的逃犯(港 / 台) ,https://movie.douban.com/subject/1291544/,8.9,743329,导演: Alfonso Cuarón,主演: 丹尼尔·雷德克里夫 Daniel Radcliffe / Emma...,2004,英国 美国,奇幻 冒险
83,心灵捕手 / Good Will Hunting / 骄阳似我(港)  /  心灵捕手,https://movie.douban.com/subject/1292656/,8.9,723023,导演: 格斯·范·桑特 Gus Van Sant,主演: 马特·达蒙 Matt Damon / 罗宾·...,1997,美国,剧情
84,超脱 / Detachment / 人间师格(台),https://movie.douban.com/subject/5322596/,9.0,612180,导演: 托尼·凯耶 Tony Kaye,主演: 艾德里安·布洛迪 Adrien Brody / 马西...,2011,美国,剧情
85,海豚湾 / The Cove / 血色海湾(台)  /  海湾,https://movie.douban.com/subject/3442220/,9.3,359802,导演: 路易·西霍尤斯 Louie Psihoyos,主演: 路易·西霍尤斯 Louie Psihoyo...,2009,美国,纪录片
86,低俗小说 / Pulp Fiction / 危险人物(港)  /  黑色追缉令(台),https://movie.douban.com/subject/1291832/,8.9,843242,导演: 昆汀·塔伦蒂诺 Quentin Tarantino,主演: 约翰·特拉沃尔塔 John Tra...,1994,美国,剧情 喜剧 犯罪
87,春光乍泄 / 春光乍洩 / 一起快乐  /  Happy Together,https://movie.douban.com/subject/1292679/,9.0,639440,导演: 王家卫 Kar Wai Wong,主演: 张国荣 Leslie Cheung / 梁朝伟 Tony Leu...,1997,中国香港 日本 韩国,剧情 爱情 同性
88,摩登时代 / Modern Times / The Masses  /  Les Temps modernes,https://movie.douban.com/subject/1294371/,9.3,305339,导演: 查理·卓别林 Charles Chaplin,主演: 查理·卓别林 Charles Chaplin ...,1936,美国,剧情 喜剧 爱情
89,美国往事 / Once Upon a Time in America / 四海兄弟(台)  /  义薄云天(港),https://movie.douban.com/subject/1292262/,9.2,416792,导演: 赛尔乔·莱翁内 Sergio Leone,主演: 罗伯特·德尼罗 Robert De Niro ...,1984,美国 意大利,犯罪 剧情
90,喜剧之王 / 喜劇之王 / King of Comedy,https://movie.douban.com/subject/1302425/,8.8,981492,导演: 周星驰 Stephen Chow / 李力持 Lik-Chi Lee,主演: 周星驰 Stephen Ch...,1999,中国香港,喜剧 剧情 爱情
91,致命ID / Identity / 杀人游戏  /  致命身份,https://movie.douban.com/subject/1297192/,8.9,836179,导演: 詹姆斯·曼高德 James Mangold,主演: 约翰·库萨克 John Cusack / 雷...,2003,美国,剧情 悬疑 惊悚
92,杀人回忆 / 살인의 추억 / 谋杀回忆  /  杀手回忆录,https://movie.douban.com/subject/1300299/,8.9,724632,导演: 奉俊昊 Joon-ho Bong,主演: 宋康昊 Kang-ho Song / 金相庆 Sang-kyun...,2003,韩国,剧情 动作 犯罪 悬疑 惊悚
93,七宗罪 / Se7en / 火线追缉令(台)  /  7宗罪,https://movie.douban.com/subject/1292223/,8.8,951882,导演: 大卫·芬奇 David Fincher,主演: 摩根·弗里曼 Morgan Freeman / 布...,1995,美国,剧情 犯罪 悬疑 惊悚
94,红辣椒 / パプリカ / 盗梦侦探(港 / 台) ,https://movie.douban.com/subject/1865703/,9.1,472729,导演: 今敏 Satoshi Kon,主演: 林原惠美 Megumi Hayashibara / 江守彻 Toru...,2006,日本,动画 悬疑 科幻 惊悚
95,加勒比海盗 / Pirates of the Caribbean: The Curse of the Black Pearl / 加勒比海盗1：黑珍珠号的诅咒  /  神鬼奇航：鬼盗船魔咒(台),https://movie.douban.com/subject/1298070/,8.8,869237,导演: 戈尔·维宾斯基 Gore Verbinski,主演: 约翰尼·德普 Johnny Depp / ...,2003,美国,动作 冒险 奇幻
96,哈利·波特与密室 / Harry Potter and the Chamber of Secrets / 哈利波特2：消失的密室(港 / 台) ,https://movie.douban.com/subject/1296996/,8.9,770595,导演: Chris Columbus,主演: 丹尼尔·雷德克里夫 Daniel Radcliffe / 艾玛...,2002,英国 美国,奇幻 冒险
97,一一 / Yi yi  /  Yi yi: A One and a Two,https://movie.douban.com/subject/1292434/,9.1,401132,导演: 杨德昌 Edward Yang,主演: 吴念真 / 李凯莉 Kelly Lee / 金燕玲 Elai...,2000,中国台湾 日本,剧情 爱情 家庭
98,狩猎 / Jagten / 诬网(港)  /  谎言的烙印(台),https://movie.douban.com/subject/6985810/,9.1,397508,导演: 托马斯·温特伯格 Thomas Vinterberg,主演: 麦斯·米科尔森 Mads Mik...,2012,丹麦 瑞典,剧情
99,唐伯虎点秋香 / 唐伯虎點秋香 / Flirting Scholar,https://movie.douban.com/subject/1306249/,8.7,1093114,导演: 李力持 Lik-Chi Lee,主演: 周星驰 Stephen Chow / 巩俐 Li Gong / 陈...,1993,中国香港,喜剧 爱情 古装
100,7号房的礼物 / 7번방의 선물 / 戆爸的礼物(港)  /  7号囚房的礼物,https://movie.douban.com/subject/10777687/,8.9,563550,导演: 李焕庆 Hwan-kyeong Lee,主演: 柳承龙 Seung-yong Ryoo / 朴信惠 Shi...,2013,韩国,剧情 喜剧 家庭
101,被嫌弃的松子的一生 / 嫌われ松子の一生 / 花样奇缘(港)  /  令人讨厌的松子的一生(台),https://movie.douban.com/subject/1787291/,8.9,709986,导演: 中岛哲也 Tetsuya Nakashima,主演: 中谷美纪 Miki Nakatani / 瑛太 E...,2006,日本,剧情 歌舞
102,请以你的名字呼唤我 / Call Me by Your Name / 以你的名字呼唤我(港 / 台) ,https://movie.douban.com/subject/26799731/,8.8,731263,导演: 卢卡·瓜达尼诺 Luca Guadagnino,主演: 艾米·汉莫 Armie Hammer / ...,2017,意大利 法国 巴西 美国,剧情 爱情 同性
103,蝙蝠侠：黑暗骑士崛起 / The Dark Knight Rises / 蝙蝠侠前传3：黑暗骑士崛起  /  黑暗骑士：黎明升起(台),https://movie.douban.com/subject/3395373/,8.8,731754,导演: 克里斯托弗·诺兰 Christopher Nolan,主演: 克里斯蒂安·贝尔 Christ...,2012,美国 英国,剧情 动作 科幻 犯罪 惊悚
104,断背山 / Brokeback Mountain / 断臂山  /  BBM,https://movie.douban.com/subject/1418834/,8.8,713223,导演: 李安 Ang Lee,主演: 希斯·莱杰 Heath Ledger / 杰克·吉伦哈尔 Jake...,2005,美国 加拿大,剧情 爱情 同性 家庭
105,剪刀手爱德华 / Edward Scissorhands / 幻海奇缘(港)  /  剪刀手爱德华,https://movie.douban.com/subject/1292370/,8.7,1043318,导演: 蒂姆·波顿 Tim Burton,主演: 约翰尼·德普 Johnny Depp / 薇诺娜·...,1990,美国,剧情 奇幻 爱情
106,爱在黎明破晓前 / Before Sunrise / 情留半天(港)  /  爱在黎明破晓时(台),https://movie.douban.com/subject/1296339/,8.8,693228,导演: 理查德·林克莱特 Richard Linklater,主演: 伊桑·霍克 Ethan Hawke ...,1995,美国 奥地利 瑞士,剧情 爱情
107,入殓师 / おくりびと / 礼仪师之奏鸣曲(港)  /  礼仪师(台),https://movie.douban.com/subject/2149806/,8.9,674665,导演: 泷田洋二郎 Yôjirô Takita,主演: 本木雅弘 Masahiro Motoki / ...,2008,日本,剧情
108,第六感 / The Sixth Sense / 鬼眼(港)  /  灵异第六感(台),https://movie.douban.com/subject/1297630/,8.9,562611,导演: M·奈特·沙马兰 M. Night Shyamalan,主演: 布鲁斯·威利斯 Bruce Wi...,1999,美国,剧情 悬疑 惊悚
109,勇敢的心 / Braveheart / 惊世未了缘(港)  /  梅尔吉勃逊之英雄本色(台),https://movie.douban.com/subject/1294639/,8.9,562762,导演: 梅尔·吉布森 Mel Gibson,主演: 梅尔·吉布森 Mel Gibson / 苏菲·玛...,1995,美国,动作 传记 剧情 历史 战争
110,重庆森林 / 重慶森林 / Chungking Express,https://movie.douban.com/subject/1291999/,8.8,820716,导演: 王家卫 Kar Wai Wong,主演: 林青霞 Brigitte Lin / 金城武 Takeshi K...,1994,中国香港,剧情 爱情
111,超能陆战队 / Big Hero 6 / 大英雄联盟(港)  /  大英雄天团(台),https://movie.douban.com/subject/11026735/,8.7,1026614,导演: 唐·霍尔 Don Hall / 克里斯·威廉姆斯 Chris Williams,主演: 斯科特...,2014,美国,喜剧 动作 科幻 动画 冒险
112,幽灵公主 / もののけ姫 / 魔法公主(港)  /  魔法公主(台),https://movie.douban.com/subject/1297359/,8.9,529988,导演: 宫崎骏 Hayao Miyazaki,主演: 松田洋治 Yôji Matsuda / 石田百合...,1997,日本,动画 奇幻 冒险
113,甜蜜蜜 / Comrades: Almost a Love Story,https://movie.douban.com/subject/1305164/,8.9,563239,导演: 陈可辛 Peter Chan,主演: 黎明 Leon Lai / 张曼玉 Maggie Cheung / ...,1996,中国香港,剧情 爱情
114,爱在日落黄昏时 / Before Sunset / 日落巴黎(港)  /  爱在日落巴黎时(台),https://movie.douban.com/subject/1291990/,8.9,569446,导演: 理查德·林克莱特 Richard Linklater,主演: 伊桑·霍克 Ethan Hawke ...,2004,美国 法国,剧情 爱情
115,菊次郎的夏天 / 菊次郎の夏 / 菊次郎之夏  /  Kikujirô no natsu,https://movie.douban.com/subject/1293359/,8.9,603040,导演: 北野武 Takeshi Kitano,主演: 北野武 Takeshi Kitano / 关口雄介 Yus...,1999,日本,剧情 喜剧
116,借东西的小人阿莉埃蒂 / 借りぐらしのアリエッティ / 借物少女艾莉缇(台)  /  借东西的小矮人亚莉亚蒂(港),https://movie.douban.com/subject/4202302/,8.9,560409,导演: 米林宏昌 Hiromasa Yonebayashi,主演: 志田未来 Mirai Shida / 神木...,2010,日本,动画 奇幻 冒险
117,消失的爱人 / Gone Girl / 失踪的女孩  /  失踪女孩,https://movie.douban.com/subject/21318488/,8.7,965902,导演: 大卫·芬奇 David Fincher,主演: 本·阿弗莱克 Ben Affleck / 罗莎蒙...,2014,美国,剧情 犯罪 悬疑 惊悚
118,天使爱美丽 / Le fabuleux destin d'Amélie Poulain / 艾蜜莉的异想世界(台)  /  天使艾米莉,https://movie.douban.com/subject/1292215/,8.7,960521,导演: 让-皮埃尔·热内 Jean-Pierre Jeunet,主演: 奥黛丽·塔图 Audrey Tau...,2001,法国 德国,剧情 喜剧 爱情
119,阳光灿烂的日子 / In the Heat of the Sun,https://movie.douban.com/subject/1291875/,8.8,620762,导演: 姜文 Wen Jiang,主演: 夏雨 Yu Xia / 宁静 Jing Ning / 陶虹 Hong Tao,1994,中国大陆 中国香港,剧情 爱情
120,完美的世界 / A Perfect World / 强盗保镳,https://movie.douban.com/subject/1300992/,9.1,319007,导演: 克林特·伊斯特伍德 Clint Eastwood,主演: 凯文·科斯特纳 Kevin Cos...,1993,美国,剧情 犯罪
121,小森林 夏秋篇 / リトル・フォレスト 夏・秋 / 小森食光 / 夏秋篇(台) ,https://movie.douban.com/subject/25814705/,9.0,430230,导演: 森淳一 Junichi Mori,主演: 桥本爱 Ai Hashimoto / 三浦贵大 Takahir...,2014,日本,剧情
122,寄生虫 / 기생충 / 寄生上流(台)  /  上流寄生族(港),https://movie.douban.com/subject/27010768/,8.8,1385189,导演: 奉俊昊 Joon-ho Bong,主演: 宋康昊 Kang-ho Song / 李善均 Seon-gyun...,2019,韩国,剧情
123,无人知晓 / 誰も知らない / 谁知赤子心(港)  /  无人知晓的夏日清晨(台),https://movie.douban.com/subject/1292337/,9.1,323112,导演: 是枝裕和 Hirokazu Koreeda,主演: 柳乐优弥 Yûya Yagira / 北浦爱...,2004,日本,剧情
124,倩女幽魂 / 倩女幽魂(87版)  /  倩女幽魂：妖魔道,https://movie.douban.com/subject/1297447/,8.8,745702,导演: 程小东 Siu-Tung Ching,主演: 张国荣 Leslie Cheung / 王祖贤 Joey W...,1987,中国香港,爱情 奇幻 武侠 古装
125,时空恋旅人 / About Time / 回到最爱的一天(港)  /  真爱每一天(台),https://movie.douban.com/subject/10577869/,8.8,683543,导演: 理查德·柯蒂斯 Richard Curtis,主演: 多姆纳尔·格里森 Domhnall Gl...,2013,英国,喜剧 爱情 奇幻
126,侧耳倾听 / 耳をすませば / 心之谷(台)  /  梦幻街少女(港),https://movie.douban.com/subject/1297052/,8.9,468259,导演: 近藤喜文 Yoshifumi Kondo,主演: 本名阳子 Youko Honna / 小林桂树 K...,1995,日本,剧情 爱情 动画
127,幸福终点站 / The Terminal / 机场客运站(港)  /  航站情缘(台),https://movie.douban.com/subject/1292274/,8.8,577984,导演: 史蒂文·斯皮尔伯格 Steven Spielberg,主演: 汤姆·汉克斯 Tom Hanks...,2004,美国,喜剧 剧情 爱情
128,小森林 冬春篇 / リトル・フォレスト 冬・春 / 小森食光 / 冬春篇(台) ,https://movie.douban.com/subject/25814707/,9.0,383013,导演: 森淳一 Junichi Mori,主演: 桥本爱 Ai Hashimoto / 三浦贵大 Takahir...,2015,日本,剧情
129,驯龙高手 / How to Train Your Dragon / 驯龙记(港),https://movie.douban.com/subject/2353023/,8.8,763957,导演: 迪恩·德布洛斯 Dean DeBlois / 克里斯·桑德斯 Chris Sanders,主演:...,2010,美国,动画 奇幻 冒险
130,未麻的部屋 / Perfect Blue / 蓝色恐惧(港 / 台) ,https://movie.douban.com/subject/1395091/,9.1,341712,导演: 今敏 Satoshi Kon,主演: 岩男润子 Junko Iwao / 松本梨香 Rica Matsu...,1997,日本,动画 奇幻 惊悚
131,哈利·波特与火焰杯 / Harry Potter and the Goblet of Fire / 哈利波特4：火杯的考验(港 / 台) ,https://movie.douban.com/subject/1309055/,8.8,672279,导演: 迈克·内威尔 Mike Newell,主演: 丹尼尔·雷德克里夫 Daniel Radclif...,2005,英国 美国,悬疑 奇幻 冒险
132,一个叫欧维的男人决定去死 / En man som heter Ove / 明天别再来敲门(台)  /  想死冇咁易(港),https://movie.douban.com/subject/26628357/,8.9,490511,导演: 汉内斯·赫尔姆 Hannes Holm,主演: 罗夫·拉斯加德 Rolf Lassgård...,2015,瑞典,剧情
133,教父3 / The Godfather: Part III / 教父第三集  /  教父 III,https://movie.douban.com/subject/1294240/,9.0,379450,导演: 弗朗西斯·福特·科波拉 Francis Ford Coppola,主演: 阿尔·帕西诺 A...,1990,美国,剧情 犯罪
134,"怪兽电力公司 / Monsters, Inc. / 怪兽公司(港)  /  怪物公司",https://movie.douban.com/subject/1291579/,8.8,681361,导演: 彼特·道格特 Pete Docter / 大卫·斯沃曼 David Silverman,主演: 约...,2001,美国,儿童 喜剧 动画 奇幻 冒险
135,萤火之森 / 蛍火の杜へ / 萤火之社  /  Hotarubi no mori e,https://movie.douban.com/subject/5989818/,8.9,546257,导演: 大森贵弘 Takahiro Omori,主演: 佐仓绫音 Ayane Sakura / 内山昂辉 K...,2011,日本,剧情 爱情 动画 奇幻
136,傲慢与偏见 / Pride & Prejudice / 傲慢与偏见2005  /  Pride And Prejudice,https://movie.douban.com/subject/1418200/,8.7,811211,导演: 乔·怀特 Joe Wright,主演: 凯拉·奈特莉 Keira Knightley / 马修·...,2005,法国 英国 美国,剧情 爱情
137,玩具总动员3 / Toy Story 3 / 反斗奇兵3(港)  /  玩具的故事3,https://movie.douban.com/subject/1858711/,8.9,524545,导演: 李·昂克里奇 Lee Unkrich,主演: 汤姆·汉克斯 Tom Hanks / 蒂姆·艾...,2010,美国,喜剧 动画 奇幻 冒险
138,新世界 / 신세계 / 暗黑新世界(台)  /  New World,https://movie.douban.com/subject/10437779/,8.9,443650,导演: 朴勋政 Hoon-jung Park,主演: 李政宰 Jung-Jae Lee / 崔岷植 Min-sik...,2013,韩国,剧情 犯罪
139,釜山行 / 부산행 / 尸杀列车(港)  /  尸速列车(台),https://movie.douban.com/subject/25986180/,8.6,1212627,导演: 延尚昊 Sang-ho Yeon,主演: 孔侑 Yoo Gong / 郑有美 Yu-mi Jung / 马...,2016,韩国,动作 惊悚 灾难
140,被解救的姜戈 / Django Unchained / 被解放的姜戈  /  决杀令(台),https://movie.douban.com/subject/6307447/,8.8,616077,导演: 昆汀·塔伦蒂诺 Quentin Tarantino,主演: 杰米·福克斯 Jamie Foxx /...,2012,美国,剧情 动作 西部 冒险
141,神偷奶爸 / Despicable Me / 卑鄙的我  /  坏蛋奖门人(港),https://movie.douban.com/subject/3287562/,8.7,956935,导演: 皮艾尔·柯芬 Pierre Coffin / 克里斯·雷纳德 Chris Renaud,主演: ...,2010,美国 法国,喜剧 动画 冒险
142,玛丽和马克思 / Mary and Max / 巧克力情缘(台)  /  同是天涯寂寞客,https://movie.douban.com/subject/3072124/,9.0,424548,导演: 亚当·艾略特 Adam Elliot,主演: 托妮·科莱特 Toni Collette / 菲利...,2009,澳大利亚 美国,剧情 喜剧 动画
143,告白 / 自白  /  母亲,https://movie.douban.com/subject/4268598/,8.8,677492,导演: 中岛哲也 Tetsuya Nakashima,主演: 松隆子 Takako Matsu / 冈田将生 ...,2010,日本,剧情 悬疑
144,茶馆 / The Teahouse,https://movie.douban.com/subject/1461403/,9.6,151283,导演: 谢添 Tian Xie,主演: 于是之 Shizhi Yu / 郑榕 Rong Zhen / 蓝天野 T...,1982(中国大陆),中国大陆,剧情 历史
145,哪吒闹海 / Prince Nezha's Triumph Against Dragon King  /  Nezha Conquers the Dragon King,https://movie.douban.com/subject/1307315/,9.2,263275,导演: 王树忱 Shuchen Wang / 严定宪 Dingxian Yan,主演: 梁正晖 Zhenghui ...,1979,中国大陆,冒险 动画 奇幻
146,大鱼 / Big Fish / 大鱼奇缘(港)  /  大智若鱼(台),https://movie.douban.com/subject/1291545/,8.8,573528,导演: 蒂姆·波顿 Tim Burton,主演: 伊万·麦克格雷格 Ewan McGregor / 阿...,2003,美国,剧情 家庭 奇幻 冒险
147,九品芝麻官 / 九品芝麻官之白面包青天  /  Hail the Judge,https://movie.douban.com/subject/1297518/,8.7,690237,导演: 王晶 Jing Wong,主演: 周星驰 Stephen Chow / 吴孟达 Man Tat Ng / ...,1994,中国香港 中国大陆,剧情 喜剧 古装
148,喜宴 / 囍宴 / The Wedding Banquet,https://movie.douban.com/subject/1303037/,9.0,368345,导演: 李安 Ang Lee,主演: 赵文瑄 Winston Chao / 归亚蕾 Ya-lei Kuei / 郎...,1993,中国台湾 美国,剧情 喜剧 爱情 同性 家庭
149,模仿游戏 / The Imitation Game / 解码游戏(港)  /  模拟游戏,https://movie.douban.com/subject/10463953/,8.8,654786,导演: 莫滕·泰杜姆 Morten Tyldum,主演: 本尼迪克特·康伯巴奇 Benedict C...,2014,英国 美国,剧情 传记 战争 同性
150,头号玩家 / Ready Player One / 玩家一号  /  挑战者1号(港),https://movie.douban.com/subject/4920389/,8.7,1382076,导演: 史蒂文·斯皮尔伯格 Steven Spielberg,主演: 泰伊·谢里丹 Tye Sheri...,2018,美国,动作 科幻 冒险
151,色，戒 / 色|戒  /  色·戒,https://movie.douban.com/subject/1828115/,8.7,821693,导演: 李安 Ang Lee,主演: 梁朝伟 Tony Leung Chiu Wai / 汤唯 Wei Tang / ...,2007,中国台湾 中国大陆 美国 中国香港,剧情 爱情 情色
152,射雕英雄传之东成西就 / 射鵰英雄傳之東成西就 / 东成西就  /  大英雄 (日本),https://movie.douban.com/subject/1316510/,8.7,644441,导演: 刘镇伟 Jeffrey Lau,主演: 梁朝伟 Tony Leung Chiu Wai / 林青霞 Bri...,1993,中国香港,喜剧 奇幻 武侠 古装
153,花样年华 / 花樣年華 / In the Mood for Love,https://movie.douban.com/subject/1291557/,8.7,616364,导演: 王家卫 Kar Wai Wong,主演: 梁朝伟 Tony Leung Chiu Wai / 张曼玉 Ma...,2000,中国香港,剧情 爱情
154,我是山姆 / I Am Sam / 不一样的爸爸(港)  /  他不笨，他是我爸爸(台),https://movie.douban.com/subject/1306861/,9.0,341644,导演: 杰茜·尼尔森 Jessie Nelson,主演: Sean Penn / Dakota Fanning / Mi...,2001,美国,剧情 家庭
155,阳光姐妹淘 / 써니 / 阳光姊妹淘(港)  /  桑尼,https://movie.douban.com/subject/4917726/,8.8,594436,导演: 姜炯哲 Hyeong-Cheol Kang,主演: 沈恩京 Eun-kyung Shim / 闵孝琳 Hy...,2011,韩国,剧情 喜剧
156,头脑特工队 / Inside Out / 玩转脑朋友(港)  /  脑筋急转弯(台),https://movie.douban.com/subject/10533913/,8.8,623279,导演: 彼特·道格特 Pete Docter / 罗纳尔多·德尔·卡门 Ronaldo Del Carmen  &nb...,,2015,美国,喜剧 动画 冒险
157,血战钢锯岭 / Hacksaw Ridge / 钢锯岭  /  钢铁英雄(台),https://movie.douban.com/subject/26325320/,8.7,789890,导演: 梅尔·吉布森 Mel Gibson,主演: 安德鲁·加菲尔德 Andrew Garfield /...,2016,澳大利亚 美国,剧情 传记 历史 战争
158,七武士 / 七人の侍 / 七侠四义(港)  /  七剑客(港),https://movie.douban.com/subject/1295399/,9.3,200878,导演: 黑泽明 Akira Kurosawa,主演: 三船敏郎 Toshirô Mifune / 志村乔 ...,1954,日本,动作 冒险 剧情
159,恐怖直播 / 더 테러 라이브 / 死亡“动”新闻(港)  /  恐怖攻击直播(台),https://movie.douban.com/subject/21360417/,8.7,658863,导演: 金秉祐 Byeong-woo Kim,主演: 河正宇 Jung-woo Ha / 李璟荣 Kyeong-y...,2013,韩国,剧情 犯罪 悬疑
160,惊魂记 / Psycho / 精神病患者  /  触目惊心(港),https://movie.douban.com/subject/1293181/,9.0,300173,导演: 阿尔弗雷德·希区柯克 Alfred Hitchcock,主演: 安东尼·博金斯 Antho...,1960,美国,悬疑 惊悚 恐怖
161,黑客帝国3：矩阵革命 / The Matrix Revolutions / 22世纪杀人网络3：惊变世纪(港)  /  骇客任务完结篇：最后战役(台),https://movie.douban.com/subject/1302467/,8.8,451574,导演: 拉娜·沃卓斯基 Lana Wachowski / 莉莉·沃卓斯基 Lilly Wachowski,...,2003,美国,动作 科幻
162,你的名字。 / 君の名は。 / 你的名字  /  君之名,https://movie.douban.com/subject/26683290/,8.5,1423800,导演: 新海诚 Makoto Shinkai,主演: 神木隆之介 Ryûnosuke Kamiki / 上...,2016,日本,剧情 爱情 动画
163,电锯惊魂 / Saw / 恐惧斗室(港)  /  夺魂锯(台),https://movie.douban.com/subject/1417598/,8.8,539969,导演: 詹姆斯·温 James Wan,主演: 雷·沃纳尔 Leigh Whannell / 加利·艾...,2004,美国,悬疑 惊悚 恐怖
164,"三块广告牌 / Three Billboards Outside Ebbing, Missouri / 广告牌杀人事件(港)  /  意外(台)",https://movie.douban.com/subject/26611804/,8.7,828280,导演: 马丁·麦克唐纳 Martin McDonagh,主演: 弗兰西斯·麦克多蒙德 France...,2017,英国 美国,剧情 犯罪
165,达拉斯买家俱乐部 / Dallas Buyers Club / 续命枭雄(港)  /  药命俱乐部(台),https://movie.douban.com/subject/1793929/,8.8,457171,导演: 让-马克·瓦雷 Jean-Marc Vallée,主演: 马修·麦康纳 Matthew McCon...,2013,美国,剧情 传记 同性
166,疯狂原始人 / The Croods / 古鲁家族(港 / 台) ,https://movie.douban.com/subject/1907966/,8.7,846973,导演: 科克·德·米科 Kirk De Micco / 克里斯·桑德斯 Chris Sanders,主演...,2013,美国,喜剧 动画 冒险
167,心迷宫 / 殡棺  /  The Coffin in the Mountain,https://movie.douban.com/subject/25917973/,8.7,528426,导演: 忻钰坤 Yukun Xin,主演: 霍卫民 Weimin Huo / 王笑天 Xiaotian Wang ...,2014,中国大陆,剧情 犯罪 悬疑
168,谍影重重3 / The Bourne Ultimatum / 叛谍追击3：最后通牒(港)  /  神鬼认证：最后通牒 (台),https://movie.douban.com/subject/1578507/,8.8,423109,导演: 保罗·格林格拉斯 Paul Greengrass,主演: 马特·达蒙 Matt Damon / ...,2007,美国 德国 法国 英国,动作 悬疑 惊悚
169,上帝之城 / Cidade de Deus / 无主之城(港)  /  无法无天(台),https://movie.douban.com/subject/1292208/,9.0,303980,导演: 费尔南多·梅里尔斯 Fernando Meirelles / 卡迪亚·兰德 Kátia Lund  &nbsp...,,2002,巴西 法国,犯罪 剧情
170,英雄本色 / A Better Tomorrow  /  Gangland Boss,https://movie.douban.com/subject/1297574/,8.6,547495,导演: 吴宇森 John Woo,主演: 周润发 Yun-Fat Chow / 狄龙 Lung Ti / 张国...,1986,中国香港,剧情 动作 犯罪
171,风之谷 / 風の谷のナウシカ / 风谷少女  /  Kaze no tani no Naushika,https://movie.douban.com/subject/1291585/,8.9,357719,导演: 宫崎骏 Hayao Miyazaki,主演: 岛本须美 Sumi Shimamoto / 松田洋治 Y...,1984,日本,动画 奇幻 冒险
172,纵横四海 / 緃横四海 / Once a Thief,https://movie.douban.com/subject/1295409/,8.8,430353,导演: 吴宇森 John Woo,主演: 周润发 Yun-Fat Chow / 张国荣 Leslie Cheung...,1991,中国香港,剧情 喜剧 动作 犯罪
173,卢旺达饭店 / Hotel Rwanda / 卢安达饭店(台),https://movie.douban.com/subject/1291822/,8.9,333530,导演: 特瑞·乔治 Terry George,主演: 唐·钱德尔 Don Cheadle / 苏菲·奥...,2004,英国 南非 意大利 美国,剧情 传记 历史 战争
174,爱在午夜降临前 / Before Midnight / 情约半生(港)  /  爱在午夜希腊时(台),https://movie.douban.com/subject/10808442/,8.9,408659,导演: 理查德·林克莱特 Richard Linklater,主演: 伊桑·霍克 Ethan Hawke ...,2013,美国 希腊,剧情 爱情
175,海街日记 / 海街diary / 海街女孩日记(港)  /  Kamakura Diary,https://movie.douban.com/subject/25895901/,8.8,454300,导演: 是枝裕和 Hirokazu Koreeda,主演: 绫濑遥 Haruka Ayase / 长泽雅美 M...,2015,日本,剧情 家庭
176,绿里奇迹 / The Green Mile / 绿色奇迹(台)  /  绿色英里,https://movie.douban.com/subject/1300374/,8.9,334275,导演: 弗兰克·德拉邦特 Frank Darabont,主演: 汤姆·汉克斯 Tom Hanks / ...,1999,美国,犯罪 剧情 奇幻 悬疑
177,记忆碎片 / Memento / 凶心人(港)  /  记忆拼图(台),https://movie.douban.com/subject/1304447/,8.7,610420,导演: 克里斯托弗·诺兰 Christopher Nolan,主演: 盖·皮尔斯 Guy Pearce /...,2000,美国,犯罪 剧情 悬疑 惊悚
178,小丑 / Joker / 小丑起源电影：罗密欧  /  Romeo,https://movie.douban.com/subject/27119724/,8.7,1017493,导演: 托德·菲利普斯 Todd Phillips,主演: 杰昆·菲尼克斯 Joaquin Phoeni...,2019,美国 加拿大,剧情 犯罪 惊悚
179,疯狂的石头 / Crazy Stone,https://movie.douban.com/subject/1862151/,8.6,831640,导演: 宁浩 Hao Ning,主演: 郭涛 Tao Guo / 刘桦 Hua Liu / 连晋 Teddy Lin,2006,中国大陆 中国香港,喜剧 犯罪
180,"背靠背，脸对脸 / 背对背，脸对脸  /  Back to Back, Face to Face",https://movie.douban.com/subject/1307856/,9.5,137235,导演: 黄建新 Jianxin Huang / 杨亚洲 Yazhou Yang,主演: 牛振华 Zhenhua N...,1994,中国大陆 中国香港,剧情
181,岁月神偷 / 歲月神偷 / 1969太空漫游  /  Echoes Of The Rainbow,https://movie.douban.com/subject/3792799/,8.7,577981,导演: 罗启锐 Alex Law,主演: 吴君如 Sandra Ng / 任达华 Simon Yam / 钟绍...,2010,中国香港 中国大陆,剧情 家庭
182,雨中曲 / Singin' in the Rain / 万花嬉春(港 / 台) ,https://movie.douban.com/subject/1293460/,9.1,229354,导演: 斯坦利·多南 Stanley Donen / 吉恩·凯利 Gene Kelly,主演: 吉恩·...,1952,美国,喜剧 歌舞 爱情
183,忠犬八公物语 / ハチ公物語 / 八千公物语  /  阿八的故事,https://movie.douban.com/subject/1959195/,9.2,198046,导演: 神山征二郎 Seijirô Kôyama,主演: 仲代达矢 Tatsuya Nakadai /...,1987,日本,剧情
184,2001太空漫游 / 2001: A Space Odyssey / 2001：星际漫游  /  2001：太空奥德赛,https://movie.douban.com/subject/1292226/,8.9,335304,导演: 斯坦利·库布里克 Stanley Kubrick,主演: 凯尔·杜拉 Keir Dullea / ...,1968,英国 美国,科幻 惊悚 冒险
185,心灵奇旅 / Soul / 灵魂奇遇记(港)  /  灵魂急转弯(台),https://movie.douban.com/subject/24733428/,8.7,994708,导演: 彼特·道格特 Pete Docter / 凯普·鲍尔斯 Kemp Powers,主演: 杰米·...,2020,美国,动画 奇幻 音乐
186,荒蛮故事 / Relatos salvajes / 蛮荒故事  /  生命中最抓狂的小事(台),https://movie.douban.com/subject/24750126/,8.8,448369,导演: 达米安·斯兹弗隆 Damián Szifron,主演: 达里奥·葛兰帝内提 Darío...,2014,阿根廷 西班牙,剧情 喜剧 犯罪
187,无间道2 / 無間道II / 无间道前传  /  Infernal Affairs II,https://movie.douban.com/subject/1307106/,8.7,486023,导演: 刘伟强 / 麦兆辉,主演: 陈冠希 Edison Chen / 余文乐 Shawn Yue / 曾...,2003,中国香港,剧情 犯罪 惊悚
188,小偷家族 / 万引き家族 / Shoplifters  /  Une Affaire de Famille,https://movie.douban.com/subject/27622447/,8.7,818977,导演: 是枝裕和 Hirokazu Koreeda,主演: 中川雅也 Lily Franky / 安藤樱 Sa...,2018,日本,剧情 犯罪 家庭
189,无敌破坏王 / Wreck-It Ralph / 破坏王拉尔夫  /  破坏王大冒险,https://movie.douban.com/subject/6534248/,8.7,546316,导演: 瑞奇·莫尔 Rich Moore,主演: 约翰·C·赖利 John C. Reilly / 萨拉...,2012,美国,喜剧 动画 奇幻 冒险
190,爆裂鼓手 / Whiplash / 鼓动真我(港)  /  进击的鼓手(台),https://movie.douban.com/subject/25773932/,8.7,594828,导演: 达米恩·查泽雷 Damien Chazelle,主演: 迈尔斯·特勒 Miles Teller /...,2014,美国,剧情 音乐
191,冰川时代 / Ice Age / 冰河世纪  /  冰原历险记,https://movie.douban.com/subject/1291578/,8.6,621894,导演: 卡洛斯·沙尔丹哈 Carlos Saldanha / 克里斯·韦奇 Chris Wedge,主演...,2002,美国,喜剧 动画 冒险
192,恐怖游轮 / Triangle / 汪洋血迷宮(台)  /  轮回三角,https://movie.douban.com/subject/3011051/,8.5,874829,导演: 克里斯托弗·史密斯 Christopher Smith,主演: 梅利莎·乔治 Melissa ...,2009,英国 澳大利亚,剧情 悬疑 惊悚
193,贫民窟的百万富翁 / Slumdog Millionaire / 一百万零一夜(港)  /  贫民百万富翁(台),https://movie.douban.com/subject/2209573/,8.6,751223,导演: 丹尼·鲍尔 Danny Boyle / 洛芙琳·坦丹 Loveleen Tandan,主演: 戴夫...,2008,英国,剧情 爱情
194,东邪西毒 / 東邪西毒 / Ashes of Time,https://movie.douban.com/subject/1292328/,8.6,581794,导演: 王家卫 Kar Wai Wong,主演: 张国荣 Leslie Cheung / 林青霞 Brigitte...,1994,中国香港 中国台湾,剧情 动作 爱情 武侠 古装
195,牯岭街少年杀人事件 / 牯嶺街少年殺人事件 / A Brighter Summer Day,https://movie.douban.com/subject/1292329/,8.9,305470,导演: 杨德昌 Edward Yang,主演: 张震 Chen Chang / 杨静怡 Lisa Yang / 张...,1991,中国台湾,剧情 犯罪
196,魔女宅急便 / 魔女の宅急便 / 魔女琪琪(台)  /  小魔女限时专送,https://movie.douban.com/subject/1307811/,8.7,464965,导演: 宫崎骏 Hayao Miyazaki,主演: 高山南 Minami Takayama / 佐久间玲 Re...,1989,日本,动画 奇幻 冒险
197,遗愿清单 / The Bucket List / 玩转身前事(港)  /  一路玩到挂(台),https://movie.douban.com/subject/1867345/,8.7,468070,导演: 罗伯·莱纳 Rob Reiner,主演: 杰克·尼科尔森 Jack Nicholson / 摩根...,2007,美国,冒险 喜剧 剧情
198,东京教父 / 東京ゴッドファーザーズ / Tokyo Godfathers,https://movie.douban.com/subject/1310177/,9.0,234762,导演: 今敏 Satoshi Kon,主演: 江守彻 Toru Emori / 梅垣义明 Yoshiaki Ume...,2003,日本,剧情 喜剧 动画
199,大佛普拉斯 / The Great Buddha+,https://movie.douban.com/subject/27059130/,8.7,465963,导演: 黄信尧 Hsin-yao Huang,主演: 庄益增 Yizeng Zhuang / 陈竹昇 Chu-sh...,2017,中国台湾,剧情 喜剧
200,你看起来好像很好吃 / おまえうまそうだな / 你看起来很好吃(台)  /  你看上去好像很好吃,https://movie.douban.com/subject/4848115/,8.9,336469,导演: 藤森雅也 Masaya Fujimori,主演: 山口胜平 Kappei Yamaguchi / 爱河...,2010,日本,剧情 动画 儿童
201,真爱至上 / Love Actually / 真的恋爱了(港)  /  爱是您，爱是我(台),https://movie.douban.com/subject/1292401/,8.6,736611,导演: 理查德·柯蒂斯 Richard Curtis,主演: 休·格兰特 Hugh Grant / 柯林...,2003,英国 美国 法国,喜剧 剧情 爱情
202,黑天鹅 / Black Swan / 夺命黑天鹅  /  霸王别鹅(豆友译名),https://movie.douban.com/subject/1978709/,8.6,785818,导演: 达伦·阿罗诺夫斯基 Darren Aronofsky,主演: 娜塔莉·波特曼 Natalie...,2010,美国,剧情 惊悚
203,可可西里 / Kekexili: Mountain Patrol,https://movie.douban.com/subject/1308857/,8.9,306793,导演: 陆川 Chuan Lu,主演: 多布杰 Duobujie / 张磊 Lei Zhang / 亓亮 Qi L...,2004,中国大陆 中国香港,剧情 犯罪
204,城市之光 / City Lights / City Lights: A Comedy Romance in Pantomime  /  Lichter der Großstadt,https://movie.douban.com/subject/1293908/,9.3,148909,导演: Charles Chaplin,主演: 查理·卓别林 Charles Chaplin / 弗吉尼亚·...,1931,美国,喜剧 剧情 爱情
205,源代码 / Source Code / 启动原始码(台)  /  危机解密(港),https://movie.douban.com/subject/3075287/,8.5,842840,导演: 邓肯·琼斯 Duncan Jones,主演: 杰克·吉伦哈尔 Jake Gyllenhaal / ...,2011,美国 加拿大,科幻 悬疑 惊悚
206,海边的曼彻斯特 / Manchester by the Sea / 情系海边之城(港),https://movie.douban.com/subject/25980443/,8.6,550399,导演: 肯尼斯·罗纳根 Kenneth Lonergan,主演: 卡西·阿弗莱克 Casey Affle...,2016,美国,剧情 家庭
207,雨人 / Rain Man / 手足情未了(港)  /  手足情深,https://movie.douban.com/subject/1291870/,8.7,407684,导演: 巴瑞·莱文森 Barry Levinson,主演: 达斯汀·霍夫曼 Dustin Hoffman ...,1988,美国,剧情
208,波西米亚狂想曲 / Bohemian Rhapsody / 波希米亚狂想曲：摇滚传说(港)  /  波希米亚狂想曲(台),https://movie.douban.com/subject/5300054/,8.6,612552,导演: 布莱恩·辛格 Bryan Singer,主演: 拉米·马雷克 Rami Malek / 本·哈...,2018,英国 美国,剧情 传记 同性 音乐
209,初恋这件小事 / สิ่งเล็กเล็กที่เรียกว่า...รัก / 初恋那件小事(港)  /  暗恋那点小事,https://movie.douban.com/subject/4739952/,8.5,986439,导演: 普特鹏·普罗萨卡·那·萨克那卡林 Puttipong Promsaka Na Sakolnakorn / 华森·波克彭...,,2010,泰国,剧情 喜剧 爱情
210,恋恋笔记本 / The Notebook / 忘了·忘不了(港)  /  手札情缘(台),https://movie.douban.com/subject/1309163/,8.5,678186,导演: 尼克·卡索维茨 Nick Cassavetes,主演: 瑞恩·高斯林 Ryan Gosling /...,2004,美国,剧情 爱情
211,人工智能 / A.I. Artificial Intelligence / AI人工智慧,https://movie.douban.com/subject/1302827/,8.7,451707,导演: 史蒂文·斯皮尔伯格 Steven Spielberg,主演: 海利·乔·奥斯蒙 Haley...,2001,美国 英国,剧情 科幻
212,青蛇 / Green Snake,https://movie.douban.com/subject/1303394/,8.6,532470,导演: 徐克 Hark Tsui,主演: 张曼玉 Maggie Cheung / 王祖贤 Joey Wang / ...,1993,中国香港 中国大陆,剧情 爱情 奇幻 古装
213,虎口脱险 / La grande vadrouille / 横冲直撞出重围(港)  /  大進擊(台),https://movie.douban.com/subject/1296909/,8.9,260457,导演: 杰拉尔·乌里 Gérard Oury,主演: 路易·德·菲耐斯 Louis de Funès...,1966,法国 英国,喜剧 战争
214,终结者2：审判日 / Terminator 2: Judgment Day / 未来战士2(港)  /  魔鬼终结者2(台),https://movie.douban.com/subject/1291844/,8.8,345296,导演: 詹姆斯·卡梅隆 James Cameron,主演: 阿诺·施瓦辛格 Arnold Schwarz...,1991,美国 法国,动作 科幻
215,疯狂的麦克斯4：狂暴之路 / Mad Max: Fury Road / 末日先锋：战甲飞车(港)  /  疯狂麦斯：愤怒道(台),https://movie.douban.com/subject/3592854/,8.7,536428,导演: 乔治·米勒 George Miller,主演: 汤姆·哈迪 Tom Hardy / 查理兹·塞...,2015,澳大利亚 美国,动作 科幻 冒险
216,末路狂花 / Thelma & Louise / 塞尔玛与路易丝  /  末路狂花,https://movie.douban.com/subject/1291992/,8.9,262795,导演: 雷德利·斯科特 Ridley Scott,主演: 吉娜·戴维斯 Geena Davis / 苏...,1991,美国 英国 法国,犯罪 剧情 惊悚
217,罗生门 / 羅生門 / Rashomon,https://movie.douban.com/subject/1291879/,8.8,318339,导演: 黑泽明 Akira Kurosawa,主演: 三船敏郎 Toshirô Mifune / 京町子 ...,1950,日本,剧情 犯罪 悬疑
218,新龙门客栈 / 新龍門客棧 / New Dragon Gate Inn,https://movie.douban.com/subject/1292287/,8.7,449520,导演: 李惠民 Raymond Lee,主演: 张曼玉 Maggie Cheung / 林青霞 Brigitte ...,1992,中国香港 中国大陆,动作 爱情 武侠 古装
219,萤火虫之墓 / 火垂るの墓 / 再见萤火虫(港)  /  萤火挽歌,https://movie.douban.com/subject/1293318/,8.7,407608,导演: 高畑勋 Isao Takahata,主演: 辰己努 / 白石绫乃 / 志乃原良子,1988,日本,动画 剧情 战争
220,千钧一发 / Gattaca / 变种异煞(港)  /  自然人,https://movie.douban.com/subject/1300117/,8.8,303234,导演: 安德鲁·尼科尔 Andrew Niccol,主演: 伊桑·霍克 Ethan Hawke / 乌玛...,1997,美国,剧情 科幻 惊悚
221,无耻混蛋 / Inglourious Basterds / 希魔撞正杀人狂(港)  /  恶棍特工(台),https://movie.douban.com/subject/1438652/,8.7,484000,导演: 昆汀·塔伦蒂诺 Quentin Tarantino,主演: 布拉德·皮特 Brad Pitt / ...,2009,德国 美国,剧情 犯罪
222,崖上的波妞 / 崖の上のポニョ / 悬崖上的金鱼姬  /  悬崖上的金鱼公主,https://movie.douban.com/subject/1959877/,8.6,504365,导演: 宫崎骏 Hayao Miyazaki,主演: 奈良柚莉爱 Yuria Nara / 土井洋辉 Hir...,2008,日本,动画 奇幻 冒险
223,花束般的恋爱 / 花束みたいな恋をした / 她和他的恋爱花期(港)  /  Hanataba mitaina koi o shita,https://movie.douban.com/subject/34874432/,8.6,637019,导演: 土井裕泰 Nobuhiro Doi,主演: 菅田将晖 Masaki Suda / 有村架纯 Kasu...,2021,日本,剧情 爱情
224,彗星来的那一夜 / Coherence / 相干性  /  相干效应,https://movie.douban.com/subject/25807345/,8.6,588688,导演: 詹姆斯·沃德·布柯特 James Ward Byrkit,主演: 艾米丽·芭尔多尼 Em...,2013,美国 英国,科幻 悬疑 惊悚
225,芙蓉镇 / Hibiscus Town,https://movie.douban.com/subject/1297880/,9.3,142921,导演: 谢晋 Jin Xie,主演: 刘晓庆 Xiaoqing Liu / 姜文 Wen Jiang / 郑在石...,1987,中国大陆,剧情 爱情
226,奇迹男孩 / Wonder / 奇迹,https://movie.douban.com/subject/26787574/,8.6,555444,导演: 斯蒂芬·卓博斯基 Stephen Chbosky,主演: 雅各布·特伦布莱 Jacob Tr...,2017,美国 中国香港,剧情 儿童 家庭
227,爱乐之城 / La La Land / 星声梦里人(港)  /  乐来越爱你(台),https://movie.douban.com/subject/25934014/,8.4,910218,导演: 达米恩·查泽雷 Damien Chazelle,主演: 瑞恩·高斯林 Ryan Gosling /...,2016,美国,剧情 爱情 歌舞
228,二十二 / Twenty Two  /  22,https://movie.douban.com/subject/26430107/,8.7,293709,导演: 郭柯 Ke Guo,主演: ,2015,中国大陆,纪录片
229,黑客帝国2：重装上阵 / The Matrix Reloaded / 22世纪杀人网络2：决战未来(港)  /  骇客任务：重装上阵(台),https://movie.douban.com/subject/1304141/,8.7,410515,导演: 拉娜·沃卓斯基 Lana Wachowski / 莉莉·沃卓斯基 Lilly Wachowski,...,2003,美国,动作 科幻
230,哈利·波特与死亡圣器(上) / Harry Potter and the Deathly Hallows: Part 1 / 哈利波特7：死神的圣物1(港 / 台) ,https://movie.douban.com/subject/2051007/,8.5,585237,导演: 大卫·叶茨 David Yates,主演: 丹尼尔·雷德克里夫 Daniel Radcliffe...,2010,英国 美国,奇幻 冒险
231,血钻 / Blood Diamond / 血钻石(台)  /  血腥钻石,https://movie.douban.com/subject/1428175/,8.7,384025,导演: 爱德华·兹威克 Edward Zwick,主演: 莱昂纳多·迪卡普里奥 Leonardo ...,2006,美国 德国 英国,剧情 惊悚 冒险
232,战争之王 / Lord of War / 军火之王(台 / 港) ,https://movie.douban.com/subject/1419936/,8.7,372856,导演: 安德鲁·尼科尔 Andrew Niccol,主演: 尼古拉斯·凯奇 Nicolas Cage /...,2005,美国 德国,剧情 犯罪
233,步履不停 / 歩いても 歩いても / 横山家之味(港 / 台) ,https://movie.douban.com/subject/2222996/,8.8,282585,导演: 是枝裕和 Hirokazu Koreeda,主演: 阿部宽 Hiroshi Abe / 夏川结衣 Yu...,2008,日本,剧情 家庭
234,房间 / Room / 不存在的房间(台)  /  抖室(港),https://movie.douban.com/subject/25724855/,8.8,370699,导演: 伦尼·阿伯拉罕森 Lenny Abrahamson,主演: 布丽·拉尔森 Brie Larson...,2015,爱尔兰 加拿大 英国 美国,剧情 家庭
235,火星救援 / The Martian / 火星任务(港)  /  绝地救援(台),https://movie.douban.com/subject/25864085/,8.5,737998,导演: 雷德利·斯科特 Ridley Scott,主演: 马特·达蒙 Matt Damon / 杰西卡...,2015,英国 美国 匈牙利 约旦,剧情 科幻 冒险
236,魂断蓝桥 / Waterloo Bridge / 滑铁卢桥  /  断桥残梦,https://movie.douban.com/subject/1293964/,8.8,281611,导演: 茂文·勒鲁瓦 Mervyn LeRoy,主演: 费雯·丽 Vivien Leigh / 罗伯特·...,1940,美国,剧情 爱情 战争
237,千年女优 / 千年女優 / Millennium Actress,https://movie.douban.com/subject/1307394/,8.8,271974,导演: 今敏 Satoshi Kon,主演: 庄司美代子 Miyoko Shôji / 小山茉美 Mam...,2001,日本,动画 剧情 爱情
238,谍影重重2 / The Bourne Supremacy / 叛谍追击2：机密圈套(港)  /  神鬼认证：神鬼疑云(台),https://movie.douban.com/subject/1308767/,8.7,356860,导演: 保罗·格林格拉斯 Paul Greengrass,主演: 马特·达蒙 Matt Damon / ...,2004,美国 德国,动作 悬疑 惊悚
239,白日梦想家 / The Secret Life of Walter Mitty / 发梦王大历险(港)  /  白日梦冒险王(台),https://movie.douban.com/subject/2133323/,8.6,491530,导演: 本·斯蒂勒 Ben Stiller,主演: 本·斯蒂勒 Ben Stiller / 克里斯汀·...,2013,美国 英国,剧情 喜剧 冒险
240,哈利·波特与凤凰社 / Harry Potter and the Order of the Phoenix / 哈利波特5：凤凰会的密令(港 / 台) ,https://movie.douban.com/subject/1457217/,8.5,579348,导演: 大卫·叶茨 David Yates,主演: 丹尼尔·雷德克里夫 Daniel Radcliffe...,2007,英国 美国,奇幻 冒险
241,弱点 / The Blind Side / 守护有心人(港)  /  攻其不备(台),https://movie.douban.com/subject/3552028/,8.7,313417,导演: 约翰·李·汉考克 John Lee Hancock,主演: 桑德拉·布洛克 Sandra Bu...,2009,美国,剧情 家庭 传记 运动
242,阿飞正传 / 阿飛正傳 / Days of Being Wild,https://movie.douban.com/subject/1305690/,8.5,516144,导演: 王家卫 Kar Wai Wong,主演: 张国荣 Leslie Cheung / 张曼玉 Maggie C...,1990,中国香港,犯罪 剧情 爱情
243,蜘蛛侠：平行宇宙 / Spider-Man: Into the Spider-Verse / 蜘蛛侠：新纪元  /  蜘蛛人：新宇宙(台),https://movie.douban.com/subject/26374197/,8.6,674176,导演: 鲍勃·佩尔西凯蒂 Bob Persichetti / 彼得·拉姆齐 Peter Ramsey,主...,2018,美国,动作 科幻 动画 冒险
244,谍影重重 / The Bourne Identity / 叛谍追击(港)  /  神鬼认证(台),https://movie.douban.com/subject/1304102/,8.6,432314,导演: 道格·里曼 Doug Liman,主演: 马特·达蒙 Matt Damon / 弗兰卡·波坦...,2002,美国 德国 捷克,动作 悬疑 惊悚
245,朗读者 / The Reader / 为爱朗读(台)  /  读爱(港),https://movie.douban.com/subject/2213597/,8.6,456845,导演: 史蒂芬·戴德利 Stephen Daldry,主演: 凯特·温丝莱特 Kate Winslet ...,2008,美国 德国,剧情 爱情
246,燃情岁月 / Legends of the Fall / 秋日传奇  /  真爱一世情(台),https://movie.douban.com/subject/1295865/,8.7,289691,导演: 爱德华·兹威克 Edward Zwick,主演: 布拉德·皮特 Brad Pitt / 安东...,1994,美国,剧情 爱情 战争 西部
247,再次出发之纽约遇见你 / Begin Again / 再次出发  /  歌曲改变人生,https://movie.douban.com/subject/6874403/,8.6,431248,导演: 约翰·卡尼 John Carney,主演: 凯拉·奈特莉 Keira Knightley / 马克...,2013,美国,喜剧 爱情 音乐
248,香水 / Perfume: The Story of a Murderer / 香水：一个杀人犯的故事  /  香水：一个谋杀犯的故事,https://movie.douban.com/subject/1760622/,8.5,548509,导演: 汤姆·提克威 Tom Tykwer,主演: 本·卫肖 Ben Whishaw / 艾伦·瑞克...,2006,德国 法国 西班牙 美国 比利时,剧情 犯罪 奇幻
249,发条橙 / A Clockwork Orange / 发条橘子(台)  /  发条桔子,https://movie.douban.com/subject/1292233/,8.6,369466,导演: 斯坦利·库布里克 Stanley Kubrick,主演: 马尔科姆·麦克道威尔 Malc...,1971,英国 美国,犯罪 剧情 科幻
